"First Seen","Model","Device","Latitude","Longtitude","Altitude","Num Of Records","","MAC","SSID","Channel","RSSI","","MAC","SSID","Channel","RSSI","","MAC","SSID","Channel","RSSI","","MAC","SSID","Channel","RSSI","","MAC","SSID","Channel","RSSI","","MAC","SSID","Channel","RSSI","","MAC","SSID","Channel","RSSI","","MAC","SSID","Channel","RSSI","","MAC","SSID","Channel","RSSI","","MAC","SSID","Channel","RSSI"
"Fri Oct 27 16:12:01 IDT 2017","model=Lenovo PB2-690Y","device=PB2PRO","32.168575","34.813286","-9.0","2","","b4:ee:b4:36:d2:b0","ben moshe","1.0","-51.0","","b0:b2:8f:37:ba:c7","ben moshe","1.0","-62.0"
"Fri Oct 27 16:14:37 IDT 2017","model=Lenovo PB2-690Y","device=PB2PRO","32.168667","34.81322","38.0","9","","3c:1e:04:03:7f:17","Robert1","1.0","-81.0","","6a:12:f5:f9:5e:71","BezeqFree","8.0","-90.0","","c4:3d:c7:5a:79:1c","tslila","11.0","-87.0","","c0:ac:54:f5:7b:a7","osnatg370","11.0","-90.0","","a0:63:91:69:f6:af","OP2","1.0","-92.0","","30:b5:c2:fe:aa:56","NGOGA","6.0","-92.0","","48:db:50:34:c7:fb","HUAWEI-C7FB","1.0","-94.0","","74:da:38:50:77:f2","Howmanyistwo","2.0","-83.0","","98:e7:f4:c6:4b:37","DIRECT-35-HP DeskJet 3830 series","6.0","-93.0"
"Fri Oct 27 16:14:52 IDT 2017","model=Lenovo PB2-690Y","device=PB2PRO","32.16868","34.813217","39.0","2","","98:e7:f4:c6:4b:37","DIRECT-35-HP DeskJet 3830 series","6.0","-87.0","","f8:e9:03:13:74:ee","Ester","1.0","-96.0"
"Fri Oct 27 16:15:07 IDT 2017","model=Lenovo PB2-690Y","device=PB2PRO","32.168686","34.813217","40.0","2","","6a:12:f5:f9:5e:71","BezeqFree","8.0","-85.0","","00:02:6f:eb:a0:f4","hilda","11.0","-92.0"
"Fri Oct 27 16:15:37 IDT 2017","model=Lenovo PB2-690Y","device=PB2PRO","32.168827","34.812386","40.0","6","","fc:3f:db:7e:60:a6","DIRECT-A5-HP DeskJet 4670 series","10.0","-81.0","","14:cc:20:eb:cb:c6","May","1.0","-90.0","","58:f3:9c:62:d2:60","LANDAU HOME","1.0","-87.0","","fc:b4:e6:cf:d1:dd","HOTBOX-D1D7","1.0","-90.0","","7c:03:4c:ba:bf:55","HOTBOX-72B6","6.0","-90.0","","b0:41:1d:28:79:04","AEH-W4A1-b0411d287904","8.0","-96.0"
"Fri Oct 27 16:15:52 IDT 2017","model=Lenovo PB2-690Y","device=PB2PRO","32.168747","34.81096","41.0","20","","3c:1e:04:03:7f:17","Robert1","1.0","-86.0","","6a:12:f5:f9:5e:71","BezeqFree","8.0","-85.0","","c0:ac:54:f5:7b:a7","osnatg370","11.0","-89.0","","a0:63:91:69:f6:af","OP2","1.0","-92.0","","30:b5:c2:fe:aa:56","NGOGA","6.0","-88.0","","74:da:38:50:77:f2","Howmanyistwo","2.0","-87.0","","f8:e9:03:13:74:ee","Ester","1.0","-96.0","","00:02:6f:eb:a0:f4","hilda","11.0","-92.0","","fc:3f:db:7e:60:a6","DIRECT-A5-HP DeskJet 4670 series","10.0","-81.0","","14:cc:20:eb:cb:c6","May","1.0","-90.0","","58:f3:9c:62:d2:60","LANDAU HOME","1.0","-87.0","","fc:b4:e6:cf:d1:dd","HOTBOX-D1D7","1.0","-90.0","","7c:03:4c:ba:bf:55","HOTBOX-72B6","6.0","-90.0","","b0:41:1d:28:79:04","AEH-W4A1-b0411d287904","8.0","-96.0","","90:f6:52:28:38:19","HOTBOX111","11.0","-71.0","","c0:ac:54:f6:ae:5e","HOTBOX111","11.0","-76.0","","c4:6e:1f:30:2b:7c","Nomi Fix WIFI","1.0","-84.0","","98:e7:f4:00:94:35","DIRECT-33-HP OfficeJet 6950","6.0","-87.0","","ec:8c:a2:09:dd:48","LRWN","6.0","-89.0","","90:8d:78:b6:28:f6","Talfamily2","5.0","-92.0"
"Fri Oct 27 16:16:07 IDT 2017","model=Lenovo PB2-690Y","device=PB2PRO","32.16827","34.810307","45.0","7","","60:e3:27:bf:a1:a5","BARON WIFI 2.4","11.0","-80.0","","18:d6:c7:fb:1c:0e","Oberyn Martell","8.0","-83.0","","e4:6f:13:73:0a:c2","simon","8.0","-87.0","","c8:60:00:b1:d4:50","GUYFI","3.0","-90.0","","00:26:5a:77:8c:db","Rina","6.0","-90.0","","5c:83:8f:33:bd:68","terry_ap","1.0","-91.0","","e4:d5:3d:7d:d6:a2","HP-Print-a2-LaserJet 400 color","6.0","-90.0"
"Fri Oct 27 16:16:22 IDT 2017","model=Lenovo PB2-690Y","device=PB2PRO","32.16764","34.809887","45.0","23","","3c:1e:04:03:7f:17","Robert1","1.0","-86.0","","6a:12:f5:f9:5e:71","BezeqFree","8.0","-85.0","","c0:ac:54:f5:7b:a7","osnatg370","11.0","-89.0","","30:b5:c2:fe:aa:56","NGOGA","6.0","-88.0","","74:da:38:50:77:f2","Howmanyistwo","2.0","-87.0","","14:cc:20:eb:cb:c6","May","1.0","-90.0","","58:f3:9c:62:d2:60","LANDAU HOME","1.0","-87.0","","fc:b4:e6:cf:d1:dd","HOTBOX-D1D7","1.0","-90.0","","7c:03:4c:ba:bf:55","HOTBOX-72B6","6.0","-90.0","","b0:41:1d:28:79:04","AEH-W4A1-b0411d287904","8.0","-96.0","","90:f6:52:28:38:19","HOTBOX111","11.0","-71.0","","c0:ac:54:f6:ae:5e","HOTBOX111","11.0","-76.0","","c4:6e:1f:30:2b:7c","Nomi Fix WIFI","1.0","-84.0","","ec:8c:a2:09:dd:48","LRWN","6.0","-89.0","","90:8d:78:b6:28:f6","Talfamily2","5.0","-92.0","","c4:12:f5:80:24:0b","CEO-WiFi_2.4","1.0","-82.0","","78:e8:b6:69:2c:91","smartsell","1.0","-85.0","","0a:8d:db:6e:71:6d","888Corp","1.0","-86.0","","7c:b7:33:2e:76:73","Mouly","11.0","-87.0","","b0:aa:77:f1:3a:68","Shaked-Guest WiFi","11.0","-90.0","","06:8d:db:6e:71:6d","888Free","1.0","-80.0","","06:8d:db:6e:71:bf","888Free","1.0","-82.0","","06:8d:db:6e:71:be","888Free","11.0","-85.0"
"Fri Oct 27 16:16:31 IDT 2017","model=Lenovo PB2-690Y","device=PB2PRO","32.16763","34.80988","45.0","8","","b0:aa:77:f1:3a:68","Shaked-Guest WiFi","11.0","-83.0","","00:78:9e:fa:15:91","MOULY MAISON","1.0","-74.0","","0a:8d:db:6e:71:bf","888Corp","1.0","-85.0","","0a:8d:db:6e:71:be","888Corp","11.0","-86.0","","aa:6b:ad:04:c6:a8","DIRECT-a8-HP M477 LaserJet","6.0","-87.0","","02:8d:db:6e:71:be","888Guest","11.0","-84.0","","02:8d:db:6e:71:6d","888Guest","1.0","-87.0","","64:27:37:77:d1:f3","HP-Print-f3-LaserJet 300","6.0","-94.0"
"Fri Oct 27 16:16:34 IDT 2017","model=Lenovo PB2-690Y","device=PB2PRO","32.16763","34.80988","45.0","4","","7c:b7:33:2e:76:73","Mouly","11.0","-81.0","","94:f6:65:5b:b2:28","Efrat Networks MM","5.0","-87.0","","94:f6:65:1b:b2:28","Guest Neetwork MM","5.0","-90.0","","02:8d:db:6e:71:bf","888Guest","1.0","-88.0"
"Fri Oct 27 16:16:37 IDT 2017","model=Lenovo PB2-690Y","device=PB2PRO","32.16763","34.809875","45.0","1","","0a:8d:cb:6e:71:be","888Corp","44.0","-87.0"
"Fri Oct 27 16:16:40 IDT 2017","model=Lenovo PB2-690Y","device=PB2PRO","32.16763","34.809875","45.0","2","","74:da:38:ae:91:7b","lavel-2","2.0","-90.0","","78:e8:b6:69:2a:e9","smartsell","11.0","-90.0"
"Fri Oct 27 16:16:43 IDT 2017","model=Lenovo PB2-690Y","device=PB2PRO","32.16766","34.80986","43.0","1","","02:8d:db:6e:71:6d","888Guest","1.0","-81.0"
"Fri Oct 27 16:16:46 IDT 2017","model=Lenovo PB2-690Y","device=PB2PRO","32.167667","34.80988","40.0","1","","0a:8d:db:6e:71:be","888Corp","11.0","-81.0"
"Fri Oct 27 16:17:04 IDT 2017","model=Lenovo PB2-690Y","device=PB2PRO","32.167698","34.809875","37.0","1","","c0:ff:d4:7b:82:30","Candan","1.0","-88.0"
"Fri Oct 27 16:17:07 IDT 2017","model=Lenovo PB2-690Y","device=PB2PRO","32.167698","34.809875","37.0","1","","0a:8d:cb:6e:71:6d","888Corp","44.0","-89.0"
"Fri Oct 27 16:17:10 IDT 2017","model=Lenovo PB2-690Y","device=PB2PRO","32.167698","34.809875","37.0","8","","0a:8d:db:6e:71:6d","888Corp","1.0","-81.0","","b0:aa:77:f1:3a:68","Shaked-Guest WiFi","11.0","-77.0","","78:e8:b6:69:2a:e9","smartsell","11.0","-80.0","","0a:8d:cb:6e:71:6d","888Corp","44.0","-83.0","","aa:6b:ad:04:c6:a8","DIRECT-a8-HP M477 LaserJet","6.0","-72.0","","0a:8d:cb:6e:71:bf","888Corp","44.0","-84.0","","06:8d:cb:6e:71:6d","888Free","44.0","-80.0","","02:8d:cb:6e:71:6d","888Guest","44.0","-81.0"
"Fri Oct 27 16:17:13 IDT 2017","model=Lenovo PB2-690Y","device=PB2PRO","32.167698","34.809875","37.0","4","","78:e8:b6:69:2c:91","smartsell","1.0","-79.0","","0a:8d:cb:6e:71:be","888Corp","44.0","-82.0","","02:8d:cb:6e:71:be","888Guest","44.0","-81.0","","06:8d:cb:6e:71:be","888Free","44.0","-82.0"
"Fri Oct 27 16:17:21 IDT 2017","model=Lenovo PB2-690Y","device=PB2PRO","32.16767","34.809887","38.0","1","","cc:b2:55:e8:4c:e6","INGENEO","6.0","-90.0"
"Fri Oct 27 16:17:39 IDT 2017","model=Lenovo PB2-690Y","device=PB2PRO","32.167656","34.80988","39.0","1","","cc:16:7e:97:1d:90","kaymeraQA","1.0","-95.0"
"Fri Oct 27 16:17:42 IDT 2017","model=Lenovo PB2-690Y","device=PB2PRO","32.167652","34.80988","39.0","1","","02:8d:db:6e:71:c1","888Guest","11.0","-94.0"
"Fri Oct 27 16:17:45 IDT 2017","model=Lenovo PB2-690Y","device=PB2PRO","32.16765","34.80988","39.0","2","","0a:8d:db:6e:71:c1","888Corp","11.0","-90.0","","06:8d:db:6e:71:c1","888Free","11.0","-89.0"
"Fri Oct 27 16:17:51 IDT 2017","model=Lenovo PB2-690Y","device=PB2PRO","32.167645","34.809883","38.0","1","","64:27:37:77:d1:f3","HP-Print-f3-LaserJet 300","6.0","-89.0"
"Fri Oct 27 16:17:54 IDT 2017","model=Lenovo PB2-690Y","device=PB2PRO","32.167645","34.809887","38.0","1","","30:b5:c2:bd:55:32","CArgentina","2.0","-99.0"
"Fri Oct 27 16:18:12 IDT 2017","model=Lenovo PB2-690Y","device=PB2PRO","32.167652","34.80989","43.0","1","","14:ae:db:3d:b1:52","EL","9.0","-90.0"
"Fri Oct 27 16:18:15 IDT 2017","model=Lenovo PB2-690Y","device=PB2PRO","32.16765","34.80989","41.0","1","","02:8d:db:6e:71:c1","888Guest","11.0","-88.0"
"Fri Oct 27 16:18:20 IDT 2017","model=Lenovo PB2-690Y","device=PB2PRO","32.16765","34.80989","39.0","1","","02:8d:db:6e:71:da","","11.0","-93.0"
"Fri Oct 27 16:18:35 IDT 2017","model=Lenovo PB2-690Y","device=PB2PRO","32.167645","34.80989","41.0","1","","8c:44:35:0f:27:57","Gini_Router_R1_LTE","1.0","-88.0"
"Fri Oct 27 16:18:42 IDT 2017","model=Lenovo PB2-690Y","device=PB2PRO","32.167397","34.80954","38.0","3","","74:da:38:ae:91:7b","lavel-2","2.0","-83.0","","a2:6c:ac:f3:6a:69","Rainbow Guest","5.0","-93.0","","90:6c:ac:f3:6a:69","Rainbow Medical","5.0","-94.0"
"Fri Oct 27 16:18:45 IDT 2017","model=Lenovo PB2-690Y","device=PB2PRO","32.16722","34.809303","37.0","4","","cc:b2:55:e8:4c:e6","INGENEO","6.0","-80.0","","a0:4f:d4:42:ba:71","cactus","1.0","-88.0","","00:f6:63:15:58:80","kaymeraQA","1.0","-88.0","","30:f7:72:6e:8e:a0","HP-Print-A0-LaserJet Pro MFP","6.0","-87.0"
"Fri Oct 27 16:18:48 IDT 2017","model=Lenovo PB2-690Y","device=PB2PRO","32.16703","34.809086","37.0","3","","30:b5:c2:bd:55:32","CArgentina","2.0","-90.0","","00:02:6f:bb:fd:ac","BlueSnap-Guest-2.4GHz","1.0","-84.0","","00:02:6f:a6:f1:f3","Pitarohecht","1.0","-85.0"
"Fri Oct 27 16:18:51 IDT 2017","model=Lenovo PB2-690Y","device=PB2PRO","32.16691","34.808907","35.0","1","","14:ae:db:3d:b1:52","EL","9.0","-79.0"
"Fri Oct 27 16:18:54 IDT 2017","model=Lenovo PB2-690Y","device=PB2PRO","32.166866","34.80884","35.0","13","","0a:8d:db:6e:71:6d","888Corp","1.0","-86.0","","7c:b7:33:2e:76:73","Mouly","11.0","-89.0","","06:8d:db:6e:71:6d","888Free","1.0","-84.0","","06:8d:db:6e:71:be","888Free","11.0","-90.0","","02:8d:db:6e:71:be","888Guest","11.0","-88.0","","94:f6:65:5b:b2:28","Efrat Networks MM","5.0","-90.0","","02:8d:db:6e:71:6d","888Guest","1.0","-85.0","","94:f6:65:1b:b2:28","Guest Neetwork MM","5.0","-88.0","","30:f7:72:6e:8e:a0","HP-Print-A0-LaserJet Pro MFP","6.0","-82.0","","00:02:6f:bb:fd:ac","BlueSnap-Guest-2.4GHz","1.0","-77.0","","14:ae:db:a3:90:15","HRZBOUTIKUE","11.0","-77.0","","14:ae:db:b3:7b:65","Bezeq2.4","6.0","-86.0","","6c:b0:ce:ab:5a:a1","bacapital","1.0","-91.0"
"Fri Oct 27 16:18:57 IDT 2017","model=Lenovo PB2-690Y","device=PB2PRO","32.166817","34.808735","35.0","3","","94:10:3e:a8:34:a0","CMT-ALap","36.0","-85.0","","d0:17:c2:60:e7:38","ASUS","3.0","-88.0","","8e:15:44:ac:d4:e4","Training Room","6.0","-93.0"
"Fri Oct 27 16:19:00 IDT 2017","model=Lenovo PB2-690Y","device=PB2PRO","32.166885","34.80854","36.0","9","","18:1e:78:86:00:63","HOTFiber-2017","1.0","-81.0","","08:6a:0a:37:66:66","HOTFiber-2017","1.0","-86.0","","00:1d:aa:34:1e:58","Efrat Networks NC","11.0","-86.0","","00:f6:63:3a:f4:80","kaymeraQA","1.0","-88.0","","d8:fe:e3:03:c7:b1","BENY PUR","6.0","-91.0","","c0:56:27:a0:6c:9a","BlueSnap-Guest-2.4GHz","3.0","-95.0","","00:f6:63:3a:f4:82","KaymeraGuest","1.0","-87.0","","fa:8f:ca:93:a5:64","","6.0","-88.0","","5a:fe:e3:03:c7:b3","0506679780","6.0","-90.0"
"Fri Oct 27 16:19:03 IDT 2017","model=Lenovo PB2-690Y","device=PB2PRO","32.16703","34.80821","34.0","2","","cc:b2:55:e8:4c:e6","INGENEO","6.0","-81.0","","8c:59:c3:a2:9d:69","gigi1932","11.0","-84.0"
"Fri Oct 27 16:19:06 IDT 2017","model=Lenovo PB2-690Y","device=PB2PRO","32.167175","34.807827","35.0","10","","94:f6:65:5b:b2:28","Efrat Networks MM","5.0","-91.0","","30:f7:72:6e:8e:a0","HP-Print-A0-LaserJet Pro MFP","6.0","-87.0","","00:02:6f:bb:fd:ac","BlueSnap-Guest-2.4GHz","1.0","-82.0","","00:02:6f:a6:f1:f3","Pitarohecht","1.0","-96.0","","14:ae:db:3d:b1:52","EL","9.0","-79.0","","14:ae:db:a3:90:15","HRZBOUTIKUE","11.0","-77.0","","14:ae:db:b3:7b:65","Bezeq2.4","6.0","-86.0","","6c:b0:ce:ab:5a:a1","bacapital","1.0","-91.0","","a0:ab:1b:62:a7:bc","Home.","1.0","-90.0","","30:e1:71:c5:17:eb","DIRECT-EA-HP OfficeJet Pro 6960","6.0","-91.0"
"Fri Oct 27 16:19:09 IDT 2017","model=Lenovo PB2-690Y","device=PB2PRO","32.167336","34.807392","38.0","20","","94:10:3e:a8:34:a0","CMT-ALap","36.0","-85.0","","d0:17:c2:60:e7:38","ASUS","3.0","-88.0","","8e:15:44:ac:d4:e4","Training Room","6.0","-93.0","","18:1e:78:86:00:63","HOTFiber-2017","1.0","-85.0","","08:6a:0a:37:66:66","HOTFiber-2017","1.0","-87.0","","00:1d:aa:34:1e:58","Efrat Networks NC","11.0","-86.0","","00:f6:63:3a:f4:80","kaymeraQA","1.0","-92.0","","d8:fe:e3:03:c7:b1","BENY PUR","6.0","-91.0","","c0:56:27:a0:6c:9a","BlueSnap-Guest-2.4GHz","3.0","-95.0","","00:f6:63:3a:f4:82","KaymeraGuest","1.0","-87.0","","fa:8f:ca:93:a5:64","","6.0","-88.0","","5a:fe:e3:03:c7:b3","0506679780","6.0","-90.0","","a0:ab:1b:62:a7:bc","Home.","1.0","-80.0","","00:78:9e:fa:dc:f4","Barda","1.0","-93.0","","30:b5:c2:bd:52:40","Rabia","6.0","-84.0","","c0:ac:54:f5:e9:c8","NIZZA333","11.0","-86.0","","c4:e9:84:27:0c:aa","IDO","11.0","-89.0","","74:da:38:cc:d8:80","Vexlerar_2EX","9.0","-92.0","","c0:ff:d4:7b:82:30","Candan","1.0","-89.0","","fc:3f:db:f1:00:fb","HP-Print-FB-Officejet Pro 8610","6.0","-90.0"
"Fri Oct 27 16:19:12 IDT 2017","model=Lenovo PB2-690Y","device=PB2PRO","32.167492","34.806973","39.0","9","","cc:b2:55:e8:4c:e6","INGENEO","6.0","-85.0","","8c:59:c3:a2:9d:69","gigi1932","11.0","-84.0","","74:da:38:56:ed:e0","Barda_2","1.0","-81.0","","74:da:38:50:ce:4c","edimax_repeater","2.0","-83.0","","20:0c:c8:10:c8:11","Heifes","1.0","-81.0","","e4:6f:13:70:97:c4","Vexlerar","9.0","-90.0","","84:26:15:eb:2d:b3","Ester_wifi","11.0","-91.0","","00:8c:54:8e:39:81","samra","11.0","-96.0","","72:0c:c8:10:c8:12","Bezeq Free D02536","1.0","-81.0"
"Fri Oct 27 16:19:15 IDT 2017","model=Lenovo PB2-690Y","device=PB2PRO","32.167625","34.80661","40.0","5","","30:f7:72:6e:8e:a0","HP-Print-A0-LaserJet Pro MFP","6.0","-87.0","","00:02:6f:bb:fd:ac","BlueSnap-Guest-2.4GHz","1.0","-82.0","","00:02:6f:a6:f1:f3","Pitarohecht","1.0","-96.0","","14:ae:db:3d:b1:52","EL","9.0","-88.0","","f4:6b:ef:e2:2c:1f","Casa1","11.0","-93.0"
"Fri Oct 27 16:19:18 IDT 2017","model=Lenovo PB2-690Y","device=PB2PRO","32.167725","34.806316","41.0","12","","18:1e:78:86:00:63","HOTFiber-2017","1.0","-85.0","","08:6a:0a:37:66:66","HOTFiber-2017","1.0","-87.0","","00:f6:63:3a:f4:80","kaymeraQA","1.0","-92.0","","a0:ab:1b:62:a7:bc","Home.","1.0","-80.0","","00:78:9e:fa:dc:f4","Barda","1.0","-93.0","","30:b5:c2:bd:52:40","Rabia","6.0","-89.0","","c0:ac:54:f5:e9:c8","NIZZA333","11.0","-86.0","","c4:e9:84:27:0c:aa","IDO","11.0","-89.0","","74:da:38:cc:d8:80","Vexlerar_2EX","9.0","-92.0","","c0:ff:d4:7b:82:30","Candan","1.0","-89.0","","fc:3f:db:f1:00:fb","HP-Print-FB-Officejet Pro 8610","6.0","-90.0","","50:c7:bf:8e:67:66","MoragUP","1.0","-90.0"
"Fri Oct 27 16:19:24 IDT 2017","model=Lenovo PB2-690Y","device=PB2PRO","32.167812","34.806152","40.0","3","","74:da:38:a9:0c:3e","Annatel_3372","2.0","-88.0","","94:57:a5:4a:f4:89","DIRECT-17-HP DeskJet 3830 series","11.0","-90.0","","e2:91:f5:b6:ec:a8","shor_Ext","11.0","-91.0"
"Fri Oct 27 16:19:27 IDT 2017","model=Lenovo PB2-690Y","device=PB2PRO","32.16784","34.806137","39.0","1","","14:ae:db:53:0c:2d","Home","6.0","-91.0"
"Fri Oct 27 16:19:32 IDT 2017","model=Lenovo PB2-690Y","device=PB2PRO","32.167847","34.80613","39.0","1","","18:d6:c7:ef:1e:a4","Hazan_Home","11.0","-89.0"
"Fri Oct 27 16:19:38 IDT 2017","model=Lenovo PB2-690Y","device=PB2PRO","32.16799","34.805775","40.0","2","","20:0c:c8:10:c8:11","Heifes","1.0","-94.0","","72:0c:c8:10:c8:12","Bezeq Free D02536","1.0","-92.0"
"Fri Oct 27 16:19:44 IDT 2017","model=Lenovo PB2-690Y","device=PB2PRO","32.168083","34.80499","40.0","7","","74:da:38:a9:0c:3e","Annatel_3372","2.0","-89.0","","14:ae:db:53:0c:2d","Home","6.0","-91.0","","18:d6:c7:ef:1e:a4","Hazan_Home","11.0","-89.0","","62:8d:78:50:6a:13","BezeqFree","11.0","-84.0","","90:8d:78:50:6a:12","gabriel","11.0","-85.0","","48:ee:0c:ea:e7:f0","gabriel","6.0","-86.0","","00:8c:54:8f:59:51","shlomo1","6.0","-86.0"
"Fri Oct 27 16:19:47 IDT 2017","model=Lenovo PB2-690Y","device=PB2PRO","32.16811","34.804565","39.0","9","","20:0c:c8:10:c8:11","Heifes","1.0","-92.0","","72:0c:c8:10:c8:12","Bezeq Free D02536","1.0","-92.0","","6c:b0:ce:33:a4:d5","hagit_2.4","1.0","-88.0","","14:ae:db:b0:41:25","Tamara","11.0","-89.0","","ac:f1:df:9d:f7:91","Home2","11.0","-90.0","","c4:a8:1d:13:61:b5","Grosman_sec","1.0","-92.0","","c0:c1:c0:ce:4d:06","ida","11.0","-92.0","","48:ee:0c:3e:cb:98","Mwanza","3.0","-88.0","","5a:b0:ce:33:a4:d6","Bezeq Free","1.0","-88.0"
"Fri Oct 27 16:19:50 IDT 2017","model=Lenovo PB2-690Y","device=PB2PRO","32.16815","34.804142","39.0","3","","dc:4a:3e:be:0a:36","HP-Print-36-Officejet Pro 6830","11.0","-84.0","","c0:ac:54:f7:82:21","irit","11.0","-86.0","","c0:ac:54:f8:b3:93","zina 1932","11.0","-90.0"
"Fri Oct 27 16:19:53 IDT 2017","model=Lenovo PB2-690Y","device=PB2PRO","32.168213","34.803795","40.0","11","","62:8d:78:50:6a:13","BezeqFree","11.0","-84.0","","90:8d:78:50:6a:12","gabriel","11.0","-85.0","","48:ee:0c:ea:e7:f0","gabriel","6.0","-86.0","","00:8c:54:8f:59:51","shlomo1","6.0","-90.0","","f8:d1:11:35:00:4a","gregori120","6.0","-91.0","","8a:1b:5e:83:d7:c2","TP-LINK_UKTVWATCH_EXT","8.0","-93.0","","14:ae:db:b2:8e:75","Biana_n","11.0","-86.0","","c4:12:f5:fd:d1:94","klara-012","2.0","-90.0","","d0:d4:12:68:0a:0a","netbo1","11.0","-92.0","","00:22:3f:80:0d:4e","SHURSH","9.0","-96.0","","a0:ab:1b:59:3b:00","Armond","1.0","-94.0"
"Fri Oct 27 16:19:56 IDT 2017","model=Lenovo PB2-690Y","device=PB2PRO","32.168247","34.803574","39.0","4","","c4:12:f5:fd:d1:94","klara-012","2.0","-84.0","","a0:ab:1b:62:76:ac","anna2.4","2.0","-88.0","","70:5a:0f:a2:3f:61","DIRECT-06-HP OfficeJet Pro 8710","6.0","-91.0","","00:22:b0:75:7d:eb","gella555","6.0","-91.0"
"Fri Oct 27 16:19:59 IDT 2017","model=Lenovo PB2-690Y","device=PB2PRO","32.16825","34.80351","38.0","9","","6c:b0:ce:33:a4:d5","hagit_2.4","1.0","-88.0","","14:ae:db:b0:41:25","Tamara","11.0","-90.0","","ac:f1:df:9d:f7:91","Home2","11.0","-90.0","","c4:a8:1d:13:61:b5","Grosman_sec","1.0","-92.0","","c0:c1:c0:ce:4d:06","ida","11.0","-88.0","","48:ee:0c:3e:cb:98","Mwanza","3.0","-88.0","","5a:b0:ce:33:a4:d6","Bezeq Free","1.0","-88.0","","c0:ac:54:f6:c5:4b","HOT123","1.0","-87.0","","5c:d9:98:c5:c5:a2","Bezeq-N_c5c5a1","6.0","-93.0"
"Fri Oct 27 16:20:03 IDT 2017","model=Lenovo PB2-690Y","device=PB2PRO","32.168262","34.803524","38.0","4","","70:5a:0f:a2:3f:61","DIRECT-06-HP OfficeJet Pro 8710","6.0","-84.0","","14:ae:db:44:c5:45","svetlana","6.0","-92.0","","82:2a:a8:18:13:88","Student","11.0","-90.0","","80:2a:a8:18:13:88","smadarwifi","11.0","-93.0"
"Fri Oct 27 16:20:22 IDT 2017","model=Lenovo PB2-690Y","device=PB2PRO","32.16825","34.80336","35.0","4","","c4:12:f5:84:50:40","opus7","8.0","-84.0","","6a:12:f5:84:50:41","BezeqFree","8.0","-85.0","","70:62:b8:31:1d:80","tania_2.4","11.0","-89.0","","7c:03:4c:fe:ba:1b","HOTBOX","1.0","-93.0"
"Fri Oct 27 16:20:25 IDT 2017","model=Lenovo PB2-690Y","device=PB2PRO","32.168262","34.80313","35.0","1","","c4:12:f5:fd:d1:94","klara-012","2.0","-77.0"
"Fri Oct 27 16:20:28 IDT 2017","model=Lenovo PB2-690Y","device=PB2PRO","32.168278","34.802902","35.0","4","","48:ee:0c:3a:19:c7","bz46564990","10.0","-92.0","","e8:fc:af:92:b9:87","elneuron","1.0","-91.0","","44:d9:e7:04:ff:2d","smadarwifi","6.0","-92.0","","ec:22:80:b3:2e:10","770","6.0","-92.0"
"Fri Oct 27 16:20:31 IDT 2017","model=Lenovo PB2-690Y","device=PB2PRO","32.168297","34.80264","35.0","10","","14:ae:db:b2:8e:75","Biana_n","11.0","-86.0","","d0:d4:12:68:0a:0a","netbo1","11.0","-93.0","","00:22:3f:80:0d:4e","SHURSH","9.0","-93.0","","e8:fc:af:92:b9:87","elneuron","1.0","-84.0","","56:d9:e7:f3:03:78","Student","48.0","-87.0","","04:bd:88:01:59:a0","GRATCH","11.0","-82.0","","3c:1e:04:04:4f:91","hertzlia","11.0","-85.0","","44:d9:e7:04:ff:fa","smadarwifi","11.0","-87.0","","00:1b:9e:7a:43:13","dserota","6.0","-88.0","","a4:2b:8c:98:db:d2","vue sur mer_2.4","1.0","-89.0"
"Fri Oct 27 16:20:34 IDT 2017","model=Lenovo PB2-690Y","device=PB2PRO","32.168312","34.802372","35.0","19","","a0:ab:1b:62:76:ac","anna2.4","2.0","-89.0","","c0:ac:54:f6:c5:4b","HOT123","1.0","-91.0","","5c:d9:98:c5:c5:a2","Bezeq-N_c5c5a1","6.0","-92.0","","14:ae:db:44:c5:45","svetlana","6.0","-92.0","","82:2a:a8:18:13:88","Student","11.0","-90.0","","80:2a:a8:18:13:88","smadarwifi","11.0","-94.0","","6c:b0:ce:33:a4:d5","hagit_2.4","1.0","-78.0","","e8:fc:af:92:b9:87","elneuron","1.0","-77.0","","ec:22:80:b3:2e:10","770","6.0","-84.0","","5a:b0:ce:33:a4:d6","Bezeq Free","1.0","-81.0","","04:bd:88:00:fc:00","GRATCH","11.0","-81.0","","28:80:23:cf:e9:c4","HP-Print-C4-Officejet Pro 6830","6.0","-83.0","","06:ae:db:b1:ac:0d","BezeqFree","11.0","-84.0","","c0:ff:d4:7b:6b:c2","rrl","11.0","-84.0","","fc:b4:e6:d2:9a:39","HOTBOX-9A33","1.0","-85.0","","14:ae:db:b1:ac:0d","770","11.0","-88.0","","04:bd:88:00:e1:40","GRATCH","1.0","-88.0","","5c:d9:98:c6:33:56","AHARON","6.0","-92.0","","7c:b7:33:bf:bb:5f","HomeVFS","6.0","-93.0"
"Fri Oct 27 16:20:37 IDT 2017","model=Lenovo PB2-690Y","device=PB2PRO","32.168343","34.802097","34.0","11","","c4:12:f5:fd:d1:94","klara-012","2.0","-84.0","","c4:12:f5:84:50:40","opus7","8.0","-86.0","","6a:12:f5:84:50:41","BezeqFree","8.0","-86.0","","70:62:b8:31:1d:80","tania_2.4","11.0","-89.0","","7c:03:4c:fe:ba:1b","HOTBOX","1.0","-93.0","","a4:2b:8c:98:db:d2","vue sur mer_2.4","1.0","-83.0","","04:bd:88:00:e1:40","GRATCH","1.0","-81.0","","7c:b7:33:bf:bb:5f","HomeVFS","6.0","-83.0","","7c:03:4c:ba:aa:42","HOTBOX-81C2","6.0","-77.0","","04:bd:88:00:e1:50","GRATCH","36.0","-88.0","","70:5a:0f:5b:0f:91","DIRECT-90-HP DeskJet 3630 series","11.0","-88.0"
"Fri Oct 27 16:20:40 IDT 2017","model=Lenovo PB2-690Y","device=PB2PRO","32.168373","34.80182","35.0","9","","48:ee:0c:3a:19:c7","bz46564990","10.0","-93.0","","44:d9:e7:04:ff:2d","smadarwifi","6.0","-92.0","","00:1b:9e:7a:43:13","dserota","6.0","-79.0","","a4:2b:8c:98:db:d2","vue sur mer_2.4","1.0","-76.0","","c0:d9:62:f5:17:d9","Dav","6.0","-90.0","","d0:d4:12:5c:c3:6a","Claude","11.0","-83.0","","00:8c:54:8b:ec:e1","Yoels","6.0","-86.0","","a0:63:91:78:40:b2","I.L.L","11.0","-88.0","","d8:fe:e3:02:d1:01","Galei1","11.0","-93.0"
"Fri Oct 27 16:20:43 IDT 2017","model=Lenovo PB2-690Y","device=PB2PRO","32.16841","34.801495","36.0","14","","56:d9:e7:f3:03:78","Student","48.0","-87.0","","04:bd:88:01:59:a0","GRATCH","11.0","-83.0","","3c:1e:04:04:4f:91","hertzlia","11.0","-85.0","","44:d9:e7:04:ff:fa","smadarwifi","11.0","-87.0","","d8:37:be:f1:86:c9","simba6","7.0","-76.0","","a0:4f:d4:2c:5e:12","MEIR_5","52.0","-87.0","","14:ae:db:ba:2d:35","LEE1","1.0","-79.0","","06:ae:db:ba:2d:35","BezeqFree","1.0","-81.0","","d0:d4:12:67:a1:fa","netbox","1.0","-81.0","","00:78:9e:fa:8b:23","Gay splays","6.0","-81.0","","28:c6:8e:37:ab:72","gary-flat","11.0","-82.0","","a0:4f:d4:2c:5e:11","MEIR_2.4","1.0","-85.0","","e0:ce:c3:19:c6:e6","Elbaze","11.0","-88.0","","f4:6b:ef:e2:2b:25","HOTBOX-3DFD","1.0","-89.0"
"Fri Oct 27 16:20:46 IDT 2017","model=Lenovo PB2-690Y","device=PB2PRO","32.16845","34.801205","35.0","19","","6c:b0:ce:33:a4:d5","hagit_2.4","1.0","-76.0","","e8:fc:af:92:b9:87","elneuron","1.0","-77.0","","ec:22:80:b3:2e:10","770","6.0","-84.0","","5a:b0:ce:33:a4:d6","Bezeq Free","1.0","-78.0","","04:bd:88:00:fc:00","GRATCH","11.0","-81.0","","28:80:23:cf:e9:c4","HP-Print-C4-Officejet Pro 6830","6.0","-83.0","","06:ae:db:b1:ac:0d","BezeqFree","11.0","-88.0","","c0:ff:d4:7b:6b:c2","rrl","11.0","-84.0","","fc:b4:e6:d2:9a:39","HOTBOX-9A33","1.0","-85.0","","14:ae:db:b1:ac:0d","770","11.0","-88.0","","5c:d9:98:c6:33:56","AHARON","6.0","-92.0","","f4:6b:ef:e2:2b:25","HOTBOX-3DFD","1.0","-82.0","","b4:ee:b4:a7:3e:03","HOTBOX-3DFD","1.0","-78.0","","e0:ce:c3:8c:2b:5a","stefan","6.0","-80.0","","c0:ac:54:f5:b1:84","preminger","6.0","-80.0","","c4:a8:1d:12:62:55","Serge_2.4","11.0","-82.0","","04:a1:51:c4:27:6e","Ellman-2.4Ghz","6.0","-88.0","","d8:fb:5e:18:4a:d5","HOTBOX-4ACF","11.0","-89.0","","9c:d6:43:23:0c:9c","joy","6.0","-89.0"
"Fri Oct 27 16:20:49 IDT 2017","model=Lenovo PB2-690Y","device=PB2PRO","32.168465","34.80092","32.0","12","","04:bd:88:00:e1:40","GRATCH","1.0","-81.0","","7c:b7:33:bf:bb:5f","HomeVFS","6.0","-81.0","","7c:03:4c:ba:aa:42","HOTBOX-81C2","6.0","-77.0","","04:bd:88:00:e1:50","GRATCH","36.0","-88.0","","04:a1:51:d0:22:a6","pollock5","60.0","-86.0","","04:a1:51:d0:22:a5","pollock24","3.0","-81.0","","70:62:b8:30:f8:4e","japan","1.0","-81.0","","14:ae:db:c4:9f:9a","bz18073460","10.0","-82.0","","1c:67:58:cc:e0:68","Partner-4G-E068","10.0","-91.0","","e8:cc:18:ec:a6:64","rubinstein","6.0","-75.0","","70:62:b8:30:db:f8","hadad","1.0","-75.0","","c8:be:19:10:99:d1","davidr","6.0","-79.0"
"Fri Oct 27 16:20:52 IDT 2017","model=Lenovo PB2-690Y","device=PB2PRO","32.16849","34.800644","34.0","7","","00:1b:9e:7a:43:13","dserota","6.0","-79.0","","a4:2b:8c:98:db:d2","vue sur mer_2.4","1.0","-76.0","","c0:d9:62:f5:17:d9","Dav","6.0","-90.0","","d0:d4:12:5c:c3:6a","Claude","11.0","-83.0","","00:8c:54:8b:ec:e1","Yoels","6.0","-86.0","","a0:63:91:78:40:b2","I.L.L","11.0","-88.0","","d8:fe:e3:02:d1:01","Galei1","11.0","-93.0"
"Fri Oct 27 16:20:54 IDT 2017","model=Lenovo PB2-690Y","device=PB2PRO","32.16851","34.800476","35.0","14","","d8:fe:e3:02:d1:01","Galei1","11.0","-87.0","","d8:37:be:f1:86:c9","simba6","7.0","-84.0","","a0:4f:d4:2c:5e:12","MEIR_5","52.0","-87.0","","14:ae:db:ba:2d:35","LEE1","1.0","-79.0","","06:ae:db:ba:2d:35","BezeqFree","1.0","-85.0","","d0:d4:12:67:a1:fa","netbox","1.0","-84.0","","00:78:9e:fa:8b:23","Gay splays","6.0","-81.0","","28:c6:8e:37:ab:72","gary-flat","11.0","-88.0","","a0:4f:d4:2c:5e:11","MEIR_2.4","1.0","-85.0","","e0:ce:c3:19:c6:e6","Elbaze","11.0","-90.0","","c0:a0:bb:cc:e2:3a","Happy Home Network","1.0","-80.0","","14:ae:db:30:c9:d2","Chen","2.0","-85.0","","14:af:db:30:c9:d2","BezeqFree","2.0","-87.0","","fa:8f:ca:7c:70:2f","","11.0","-90.0"
"Fri Oct 27 16:20:57 IDT 2017","model=Lenovo PB2-690Y","device=PB2PRO","32.16855","34.8003","34.0","7","","10:0d:7f:88:fd:88","Bourne","11.0","-89.0","","88:de:a9:bf:04:2b","","11.0","-89.0","","ec:8c:a2:a1:25:c8","IIT","6.0","-90.0","","00:21:04:e8:c5:8a","steeletennis","11.0","-93.0","","0c:f4:d5:1b:3f:68","DanAccadia","11.0","-81.0","","a0:0a:bf:0a:e0:16","Dune","7.0","-86.0","","d8:38:fc:26:02:98","DanAccadia","6.0","-90.0"
"Fri Oct 27 16:21:01 IDT 2017","model=Lenovo PB2-690Y","device=PB2PRO","32.168587","34.80021","37.0","12","","d8:38:fc:26:02:98","DanAccadia","6.0","-85.0","","c4:12:f5:f5:45:f6","Benhamou","3.0","-83.0","","d8:38:fc:66:02:98","","6.0","-81.0","","d4:68:4d:39:23:b8","Marine-Heights","11.0","-84.0","","28:94:0f:f9:a6:d4","Sgreg","2.0","-85.0","","3c:1e:04:03:71:97","silverbeck","1.0","-91.0","","e8:fc:af:9d:69:be","BezeqNGN_J03015_2.4GHz_1","1.0","-82.0","","0c:f4:d5:1b:3f:6c","DanAccadia","58.0","-91.0","","54:e6:fc:b5:14:c2","martin","9.0","-91.0","","62:fc:af:9d:69:bf","Bezeq Free","1.0","-84.0","","0c:f4:d5:1b:d3:88","DanAccadia","3.0","-87.0","","d8:38:fc:26:fd:18","DanAccadia","4.0","-89.0"
"Fri Oct 27 16:21:03 IDT 2017","model=Lenovo PB2-690Y","device=PB2PRO","32.16865","34.800163","37.0","7","","e0:ce:c3:8c:2b:5a","stefan","6.0","-83.0","","c0:ac:54:f5:b1:84","preminger","6.0","-80.0","","04:a1:51:c4:27:6e","Ellman-2.4Ghz","6.0","-84.0","","d0:d4:12:5c:4d:4a","NET0130335","1.0","-83.0","","30:e1:71:f0:7b:52","DIRECT-51-HP DeskJet 4670 series","10.0","-83.0","","c0:ac:54:f7:3f:be","feelhome","1.0","-89.0","","1c:5f:2b:91:45:b1","Davis","1.0","-92.0"
"Fri Oct 27 16:21:06 IDT 2017","model=Lenovo PB2-690Y","device=PB2PRO","32.16881","34.80016","36.0","5","","1c:5f:2b:91:45:b1","Davis","1.0","-87.0","","e4:f4:c6:d8:e8:60","SavantS","6.0","-72.0","","6c:b0:ce:e8:2a:b0","Video Connection","1.0","-84.0","","c0:ac:54:f7:c6:78","HOTBOX-718A","6.0","-86.0","","6c:b0:ce:e8:29:c0","Video Connection","11.0","-92.0"
"Fri Oct 27 16:21:08 IDT 2017","model=Lenovo PB2-690Y","device=PB2PRO","32.168953","34.80018","38.0","1","","14:ae:db:32:cf:42","Daniela","7.0","-96.0"
"Fri Oct 27 16:21:11 IDT 2017","model=Lenovo PB2-690Y","device=PB2PRO","32.169216","34.800224","35.0","4","","54:e6:fc:b5:14:c2","martin","9.0","-86.0","","74:da:38:30:26:6f","marcus 1","2.0","-91.0","","6c:b0:ce:e8:2a:50","Video Connection","1.0","-88.0","","d4:68:4d:79:27:a3","island-3927A0","9.0","-92.0"
"Fri Oct 27 16:21:14 IDT 2017","model=Lenovo PB2-690Y","device=PB2PRO","32.16947","34.800293","35.0","4","","54:e6:fc:cc:5a:b8","ISRAEL26","11.0","-92.0","","54:64:d9:66:27:79","HOTBOX-62D0","1.0","-89.0","","bc:f6:85:0d:5b:c0","angelina","6.0","-92.0","","5c:b9:01:6a:8c:45","HP-Print-45-Deskjet 4640 series","6.0","-90.0"
"Fri Oct 27 16:21:17 IDT 2017","model=Lenovo PB2-690Y","device=PB2PRO","32.169704","34.800343","38.0","11","","e0:ce:c3:8c:2b:5a","stefan","6.0","-83.0","","c0:a0:bb:cc:e2:3a","Happy Home Network","1.0","-89.0","","0c:f4:d5:1b:3f:68","DanAccadia","11.0","-82.0","","d8:38:fc:26:02:98","DanAccadia","6.0","-83.0","","c4:12:f5:f5:45:f6","Benhamou","3.0","-88.0","","d4:68:4d:39:23:b8","Marine-Heights","11.0","-91.0","","62:fc:af:9d:69:bf","Bezeq Free","1.0","-87.0","","d0:d4:12:5c:4d:4a","NET0130335","1.0","-83.0","","c0:ac:54:f7:3f:be","feelhome","1.0","-89.0","","d4:68:4d:b9:23:b3","","11.0","-91.0","","e4:f4:c6:4d:c7:5c","TopAudio","6.0","-87.0"
"Fri Oct 27 16:21:20 IDT 2017","model=Lenovo PB2-690Y","device=PB2PRO","32.169853","34.800415","35.0","8","","1c:5f:2b:91:45:b1","Davis","1.0","-94.0","","e4:f4:c6:d8:e8:60","SavantS","6.0","-85.0","","6c:b0:ce:e8:2a:b0","Video Connection","1.0","-92.0","","c0:ac:54:f7:c6:78","HOTBOX-718A","6.0","-89.0","","6c:b0:ce:e8:29:c0","Video Connection","11.0","-92.0","","74:ea:3a:e5:4f:02","Bubble Wifi","6.0","-85.0","","74:da:38:a6:3c:32","HOTBOX-62D0_2EX","1.0","-88.0","","04:a1:51:2f:f2:be","TopAudio","6.0","-92.0"
"Fri Oct 27 16:21:23 IDT 2017","model=Lenovo PB2-690Y","device=PB2PRO","32.17","34.80048","33.0","2","","14:ae:db:32:cf:42","Daniela","7.0","-92.0","","c8:be:19:13:21:d6","Chenriko","3.0","-98.0"
"Fri Oct 27 16:21:26 IDT 2017","model=Lenovo PB2-690Y","device=PB2PRO","32.17015","34.800537","30.0","4","","98:e7:f4:42:4e:d9","DIRECT-D8-HP OfficeJet Pro 8710","6.0","-88.0","","2c:b0:5d:40:dc:ac","phily","11.0","-92.0","","40:65:a3:2d:81:47","HOTBOX-CB76","1.0","-93.0","","84:18:3a:1c:b7:18","Rosaness","1.0","-96.0"
"Fri Oct 27 16:21:30 IDT 2017","model=Lenovo PB2-690Y","device=PB2PRO","32.17047","34.80068","29.0","9","","54:e6:fc:b5:14:c2","martin","9.0","-93.0","","f8:0b:cb:51:74:e8","gidron","1.0","-82.0","","30:b5:c2:da:24:b4","ERSS91","11.0","-88.0","","10:be:f5:3d:80:3a","Chana","9.0","-90.0","","00:78:9e:fb:30:e8","irisuites","6.0","-90.0","","f6:dd:9e:7a:1a:4f","GP25665584","1.0","-92.0","","d8:fb:5e:17:62:93","HOTBOX-628D","6.0","-92.0","","c0:ac:54:f8:e8:f5","Kalderon","1.0","-93.0","","00:1d:7e:55:ad:b9","duitch","11.0","-95.0"
"Fri Oct 27 16:21:33 IDT 2017","model=Lenovo PB2-690Y","device=PB2PRO","32.170708","34.800797","29.0","9","","c4:12:f5:f5:45:f6","Benhamou","3.0","-89.0","","bc:f6:85:0d:5b:c0","angelina","6.0","-89.0","","5c:b9:01:6a:8c:45","HP-Print-45-Deskjet 4640 series","6.0","-86.0","","e4:f4:c6:4d:c7:5c","TopAudio","6.0","-88.0","","84:18:3a:1c:b7:18","Rosaness","1.0","-91.0","","bc:67:1c:41:3a:03","ohait1","5.0","-85.0","","ec:8c:a2:08:9f:38","Vnet-t","9.0","-94.0","","e8:1d:a8:05:01:38","daniel","1.0","-89.0","","72:2b:8c:99:02:06","Bezeq Free NA1F34","1.0","-93.0"
"Fri Oct 27 16:21:36 IDT 2017","model=Lenovo PB2-690Y","device=PB2PRO","32.170948","34.800877","28.0","12","","1c:5f:2b:91:45:b1","Davis","1.0","-94.0","","c0:ac:54:f7:c6:78","HOTBOX-718A","6.0","-89.0","","74:ea:3a:e5:4f:02","Bubble Wifi","6.0","-85.0","","74:da:38:a6:3c:32","HOTBOX-62D0_2EX","1.0","-90.0","","04:a1:51:2f:f2:be","TopAudio","6.0","-84.0","","84:18:3a:1c:b7:18","Rosaness","1.0","-78.0","","84:18:3a:1c:b7:1c","Rosaness","60.0","-78.0","","7c:b7:33:be:e3:b6","annita","11.0","-84.0","","84:18:3a:1d:3b:b8","Rosaness","11.0","-86.0","","54:b8:0a:31:22:c0","","11.0","-90.0","","4c:60:de:d1:da:80","TopAudio","6.0","-83.0","","e8:1d:a8:04:fc:08","daniel","11.0","-89.0"
"Fri Oct 27 16:21:38 IDT 2017","model=Lenovo PB2-690Y","device=PB2PRO","32.171093","34.800945","28.0","5","","84:18:3a:1d:3b:b8","Rosaness","11.0","-80.0","","14:ae:db:c2:7c:f5","ortheal-808","11.0","-84.0","","84:18:3a:1c:c9:a8","Rosaness","1.0","-84.0","","e8:1d:a8:04:fe:98","daniel","9.0","-84.0","","e8:1d:a8:04:fa:68","daniel","11.0","-84.0"
"Fri Oct 27 16:21:41 IDT 2017","model=Lenovo PB2-690Y","device=PB2PRO","32.171284","34.80104","27.0","15","","2c:b0:5d:40:dc:ac","phily","11.0","-92.0","","40:65:a3:2d:81:47","HOTBOX-CB76","1.0","-93.0","","f6:dd:9e:7a:1a:4f","GP25665584","1.0","-74.0","","ec:8c:a2:08:9f:38","Vnet-t","9.0","-89.0","","e8:1d:a8:04:fc:08","daniel","11.0","-82.0","","c0:ac:54:f8:57:42","HOTBOX-8C78","9.0","-79.0","","14:ae:db:c1:73:25","Hotbox","6.0","-77.0","","b4:ee:b4:ae:86:43","HOTBOX-BOX-72A6","1.0","-81.0","","30:b5:c2:3d:a9:0a","MatchBoxAir","11.0","-82.0","","a0:4f:d4:3e:7c:31","MiriTal","1.0","-83.0","","30:e1:71:f0:a7:7c","DIRECT-7B-HP DeskJet 4670 series","6.0","-88.0","","ec:8c:a2:0a:04:88","Vnet-t","4.0","-88.0","","c0:ff:d4:c2:48:84","Santosaudio_2.4","4.0","-93.0","","e8:1d:a8:03:91:58","daniel","6.0","-78.0","","e8:1d:a8:05:01:58","daniel","4.0","-85.0"
"Fri Oct 27 16:21:45 IDT 2017","model=Lenovo PB2-690Y","device=PB2PRO","32.17147","34.801113","28.0","10","","10:be:f5:3d:80:3a","Chana","9.0","-90.0","","00:1d:7e:55:ad:b9","duitch","11.0","-93.0","","d8:38:fc:5c:e6:58","Logitech","7.0","-89.0","","e8:1d:a8:04:ff:88","daniel","1.0","-82.0","","e8:1d:a8:05:03:08","daniel","1.0","-84.0","","e8:1d:a8:04:fb:e8","daniel","6.0","-85.0","","e8:1d:a8:03:91:48","daniel","8.0","-86.0","","e8:1d:a8:04:fa:08","daniel","3.0","-90.0","","d8:38:fc:1c:e6:58","daniel","7.0","-90.0","","90:f6:52:55:86:37","daniel","11.0","-89.0"
"Fri Oct 27 16:21:48 IDT 2017","model=Lenovo PB2-690Y","device=PB2PRO","32.171658","34.80118","28.0","4","","08:97:58:32:d1:b8","NIPPON_3575","5.0","-79.0","","e8:1d:a8:05:0f:cc","daniel","52.0","-87.0","","e8:1d:a8:05:15:78","daniel","6.0","-84.0","","e8:1d:a8:05:0f:c8","daniel","4.0","-87.0"
"Fri Oct 27 16:21:51 IDT 2017","model=Lenovo PB2-690Y","device=PB2PRO","32.171837","34.80126","30.0","8","","bc:67:1c:41:3a:03","ohait1","5.0","-89.0","","c4:12:f5:7f:5a:15","TREEHOUSE","6.0","-79.0","","e8:94:f6:b7:4f:54","kenedy","5.0","-84.0","","7c:b7:33:2c:b9:21","HOTBOX2","11.0","-83.0","","b4:ee:b4:ac:f4:a3","ey","1.0","-86.0","","08:6a:0a:22:a3:39","HOTBOX-A333","1.0","-92.0","","e8:1d:a8:05:0a:28","daniel","11.0","-85.0","","e8:1d:a8:04:fa:a8","daniel","11.0","-89.0"
"Fri Oct 27 16:21:53 IDT 2017","model=Lenovo PB2-690Y","device=PB2PRO","32.17193","34.801304","30.0","3","","4c:60:de:d1:da:80","TopAudio","6.0","-77.0","","7c:b7:33:2e:4e:17","HOTBOX-4E11","1.0","-84.0","","30:e1:71:fd:c3:20","DIRECT-1F-HP DeskJet 3700 series","6.0","-85.0"
"Fri Oct 27 16:21:56 IDT 2017","model=Lenovo PB2-690Y","device=PB2PRO","32.17211","34.80138","30.0","6","","84:18:3a:1c:b7:18","Rosaness","1.0","-83.0","","ec:8c:a2:08:9f:38","Vnet-t","9.0","-79.0","","b4:ee:b4:ac:f4:a3","ey","1.0","-81.0","","14:ae:db:57:4e:4d","deborah","1.0","-82.0","","9c:d3:6d:bf:8a:64","RIVKA","9.0","-93.0","","70:62:b8:30:e8:df","huglin home 2.4GHz","1.0","-83.0"
"Fri Oct 27 16:22:00 IDT 2017","model=Lenovo PB2-690Y","device=PB2PRO","32.17235","34.801476","32.0","9","","f6:dd:9e:7a:1a:4f","GP25665584","1.0","-81.0","","c0:ac:54:f8:57:42","HOTBOX-8C78","9.0","-85.0","","30:b5:c2:3d:a9:0a","MatchBoxAir","11.0","-80.0","","ec:8c:a2:0a:04:88","Vnet-t","4.0","-83.0","","e8:1d:a8:05:01:58","daniel","4.0","-88.0","","14:ae:db:c2:7c:f5","ortheal-808","11.0","-79.0","","40:65:a3:2b:58:68","HOTBOX-1","11.0","-82.0","","00:12:2a:31:b9:dc","123uoses","9.0","-88.0","","1c:bd:b9:e7:5b:a0","dlink","6.0","-90.0"
"Fri Oct 27 16:22:03 IDT 2017","model=Lenovo PB2-690Y","device=PB2PRO","32.172485","34.801586","31.0","11","","10:be:f5:3d:80:3a","Chana","9.0","-91.0","","e8:1d:a8:04:fb:e8","daniel","6.0","-86.0","","e8:1d:a8:03:91:48","daniel","8.0","-90.0","","00:12:2a:31:b9:dc","123uoses","9.0","-83.0","","00:1d:aa:80:94:4c","toffy","9.0","-82.0","","a0:4f:d4:3d:16:01","Claes","1.0","-81.0","","b4:ee:b4:f9:7a:1b"," jacob1","1.0","-81.0","","14:ae:db:39:a9:2d","amir1","6.0","-85.0","","fc:3f:db:a0:28:77","DIRECT-53-HP DeskJet 3830 series","6.0","-86.0","","00:78:9e:fb:aa:80","Volff","1.0","-91.0","","f0:3e:90:0f:6b:58","orchid","1.0","-85.0"
"Fri Oct 27 16:22:06 IDT 2017","model=Lenovo PB2-690Y","device=PB2PRO","32.17258","34.801685","32.0","5","","f0:3e:90:0f:6b:58","orchid","1.0","-79.0","","d8:5d:4c:ca:4c:5a","1602","4.0","-90.0","","c4:04:15:1a:50:b4","appa901","11.0","-90.0","","00:78:9e:fa:61:49","Ykov","11.0","-90.0","","02:1f:c6:8b:69:1d","Wireless","11.0","-89.0"
"Fri Oct 27 16:22:09 IDT 2017","model=Lenovo PB2-690Y","device=PB2PRO","32.172718","34.801647","33.0","1","","f0:3e:90:0f:6b:b8","orchid","11.0","-84.0"
"Fri Oct 27 16:22:12 IDT 2017","model=Lenovo PB2-690Y","device=PB2PRO","32.172657","34.8015","35.0","7","","14:ae:db:39:a9:2d","amir1","6.0","-80.0","","c4:04:15:1a:50:b4","appa901","11.0","-84.0","","02:1f:c6:8b:69:1d","Wireless","11.0","-84.0","","00:78:9e:fa:9d:51","nilly","11.0","-91.0","","c0:ac:54:f6:e1:ec","HOTBOX-F3BE","11.0","-92.0","","88:51:fb:08:ad:f3","HP-Print-F3-Officejet 6700","6.0","-93.0","","f0:3e:90:0f:58:78","orchid","1.0","-89.0"
"Fri Oct 27 16:22:15 IDT 2017","model=Lenovo PB2-690Y","device=PB2PRO","32.17246","34.801464","38.0","6","","90:a7:c1:14:e3:b4","TopAudio-N","4.0","-89.0","","08:6a:0a:22:a8:e9","HOTBOX-A8E3","1.0","-89.0","","5a:be:f5:43:ab:af","BezeqFree","10.0","-90.0","","10:be:f5:43:ab:ae","Yonch","10.0","-91.0","","bc:f6:85:0d:22:cb","rdpokecoke2","6.0","-90.0","","24:79:2a:0e:0f:e8","orchid","1.0","-89.0"
"Fri Oct 27 16:22:21 IDT 2017","model=Lenovo PB2-690Y","device=PB2PRO","32.171974","34.8013","38.0","1","","9c:d3:6d:c2:64:81","carmi","9.0","-91.0"
"Fri Oct 27 16:22:24 IDT 2017","model=Lenovo PB2-690Y","device=PB2PRO","32.17186","34.801247","41.0","5","","00:90:8f:2b:c0:5c","doram012","8.0","-90.0","","e0:ce:c3:8a:7b:d0","taieb","1.0","-90.0","","6c:2e:85:fe:95:f7","HOTBOX-E99C","1.0","-91.0","","0c:f4:d5:7c:74:23","island-3C7420","6.0","-92.0","","e8:1d:a8:03:91:08","daniel","6.0","-83.0"
"Fri Oct 27 16:22:27 IDT 2017","model=Lenovo PB2-690Y","device=PB2PRO","32.17183","34.80122","40.0","1","","00:27:19:e8:a8:ef","daniel","3.0","-89.0"
"Fri Oct 27 16:22:30 IDT 2017","model=Lenovo PB2-690Y","device=PB2PRO","32.17182","34.801186","37.0","1","","c8:be:19:11:b7:73","GOT","6.0","-85.0"
"Fri Oct 27 16:22:35 IDT 2017","model=Lenovo PB2-690Y","device=PB2PRO","32.171787","34.80117","39.0","1","","54:e6:fc:b5:39:9e","allen123","11.0","-89.0"
"Fri Oct 27 16:22:37 IDT 2017","model=Lenovo PB2-690Y","device=PB2PRO","32.171734","34.801144","40.0","2","","00:8c:54:91:a5:61","Hanna","1.0","-84.0","","f0:3e:90:0f:6b:38","orchid","11.0","-90.0"
"Fri Oct 27 16:22:43 IDT 2017","model=Lenovo PB2-690Y","device=PB2PRO","32.171597","34.801083","41.0","4","","34:08:04:03:99:ec","hayti","9.0","-96.0","","e8:1d:a8:03:91:88","daniel","6.0","-84.0","","d8:38:fc:1c:a6:38","daniel","1.0","-86.0","","e8:1d:a8:03:6c:68","daniel","1.0","-88.0"
"Fri Oct 27 16:22:46 IDT 2017","model=Lenovo PB2-690Y","device=PB2PRO","32.17147","34.80103","40.0","5","","10:be:f5:3d:80:3a","Chana","9.0","-90.0","","f8:e9:03:13:84:93","1008","11.0","-84.0","","80:1f:02:93:bb:be","EDIMAX","11.0","-88.0","","e8:1d:a8:03:91:48","daniel","8.0","-85.0","","d8:38:fc:1c:da:c8","daniel","4.0","-89.0"
"Fri Oct 27 16:22:49 IDT 2017","model=Lenovo PB2-690Y","device=PB2PRO","32.17133","34.800972","36.0","11","","c0:ac:54:f8:57:42","HOTBOX-8C78","9.0","-78.0","","f6:dd:9e:7a:1a:4f","GP25665584","1.0","-87.0","","e8:1d:a8:05:01:58","daniel","4.0","-85.0","","54:e6:fc:b5:39:9e","allen123","11.0","-84.0","","08:6a:0a:22:a8:e9","HOTBOX-A8E3","1.0","-90.0","","d8:38:fc:5c:e6:58","Logitech","7.0","-81.0","","30:b5:c2:94:88:d0","laufer_home","2.0","-93.0","","14:ae:db:b7:a6:05","hazout","6.0","-85.0","","f0:7d:68:17:cd:fa","rebecca","6.0","-84.0","","d8:38:fc:1c:e6:58","daniel","7.0","-81.0","","e8:1d:a8:04:fd:f8","daniel","1.0","-87.0"
"Fri Oct 27 16:22:52 IDT 2017","model=Lenovo PB2-690Y","device=PB2PRO","32.171146","34.80089","37.0","4","","10:be:f5:3d:80:3a","Chana","9.0","-84.0","","60:e3:27:9e:8a:ea","Zeitlin1-Salon","11.0","-94.0","","e8:1d:a8:05:0c:98","daniel","6.0","-80.0","","e8:1d:a8:04:fb:e8","daniel","6.0","-86.0"
"Fri Oct 27 16:22:55 IDT 2017","model=Lenovo PB2-690Y","device=PB2PRO","32.170918","34.800804","39.0","9","","ec:8c:a2:08:9f:38","Vnet-t","9.0","-90.0","","4c:60:de:d1:da:80","TopAudio","6.0","-80.0","","7c:b7:33:2e:4e:17","HOTBOX-4E11","1.0","-87.0","","84:18:3a:1c:b7:18","Rosaness","1.0","-75.0","","14:cc:20:93:1f:50","TP-LINK_MENASHE","11.0","-83.0","","84:18:3a:1d:3b:bc","Rosaness","52.0","-87.0","","00:1d:aa:80:94:34","toffy","3.0","-91.0","","8a:ff:b4:f8:5c:3a","hpsetup","6.0","-89.0","","90:f6:52:55:88:91","daniel","11.0","-93.0"
"Fri Oct 27 16:22:58 IDT 2017","model=Lenovo PB2-690Y","device=PB2PRO","32.170662","34.80073","35.0","6","","c4:12:f5:7f:5a:15","TREEHOUSE","6.0","-86.0","","00:90:8f:2b:c0:5c","doram012","8.0","-91.0","","e8:1d:a8:05:0a:28","daniel","11.0","-87.0","","bc:67:1c:41:3a:03","ohait1","5.0","-86.0","","30:b5:c2:3d:a9:0a","MatchBoxAir","11.0","-90.0","","dc:4a:3e:39:b0:a9","HP-Print-A9-Officejet Pro 6830","10.0","-92.0"
"Fri Oct 27 16:23:01 IDT 2017","model=Lenovo PB2-690Y","device=PB2PRO","32.170387","34.80062","34.0","10","","08:97:58:32:d1:b8","NIPPON_3575","5.0","-84.0","","e8:1d:a8:05:15:78","daniel","6.0","-88.0","","d8:38:fc:1c:a6:38","daniel","1.0","-85.0","","e8:1d:a8:04:ff:88","daniel","1.0","-87.0","","f8:e9:03:13:84:93","1008","11.0","-84.0","","80:1f:02:93:bb:be","EDIMAX","11.0","-88.0","","e8:1d:a8:03:91:48","daniel","8.0","-85.0","","d8:38:fc:1c:da:c8","daniel","4.0","-89.0","","e8:1d:a8:05:03:08","daniel","1.0","-82.0","","e8:1d:a8:04:fa:08","daniel","3.0","-86.0"
"Fri Oct 27 16:23:04 IDT 2017","model=Lenovo PB2-690Y","device=PB2PRO","32.170147","34.800537","33.0","17","","c0:ac:54:f8:57:42","HOTBOX-8C78","9.0","-78.0","","e8:1d:a8:05:01:58","daniel","4.0","-85.0","","54:e6:fc:b5:39:9e","allen123","11.0","-84.0","","d8:38:fc:5c:e6:58","Logitech","7.0","-89.0","","30:b5:c2:94:88:d0","laufer_home","2.0","-93.0","","14:ae:db:b7:a6:05","hazout","6.0","-85.0","","a0:4f:d4:3e:7c:31","MiriTal","1.0","-88.0","","c0:ff:d4:c2:48:84","Santosaudio_2.4","4.0","-92.0","","f0:7d:68:17:cd:fa","rebecca","6.0","-84.0","","d8:38:fc:1c:e6:58","daniel","7.0","-86.0","","e8:1d:a8:04:fc:08","daniel","11.0","-88.0","","e8:1d:a8:04:fd:f8","daniel","1.0","-87.0","","14:ae:db:c1:73:25","Hotbox","6.0","-84.0","","e8:1d:a8:03:91:58","daniel","6.0","-91.0","","2c:b0:5d:40:dc:ac","phily","11.0","-93.0","","00:10:f3:69:ea:f4","GIdron2","6.0","-89.0","","18:d6:c7:83:c8:8a","mookie5","1.0","-91.0"
"Fri Oct 27 16:23:07 IDT 2017","model=Lenovo PB2-690Y","device=PB2PRO","32.170067","34.800507","33.0","8","","84:18:3a:1d:3b:b8","Rosaness","11.0","-83.0","","e8:1d:a8:04:fa:68","daniel","11.0","-88.0","","10:be:f5:3d:80:3a","Chana","9.0","-93.0","","60:e3:27:9e:8a:ea","Zeitlin1-Salon","11.0","-94.0","","e8:1d:a8:05:0c:98","daniel","6.0","-80.0","","e8:1d:a8:04:fb:e8","daniel","6.0","-86.0","","84:18:3a:1c:c9:a8","Rosaness","1.0","-89.0","","74:da:38:a6:3c:32","HOTBOX-62D0_2EX","1.0","-82.0"
"Fri Oct 27 16:23:10 IDT 2017","model=Lenovo PB2-690Y","device=PB2PRO","32.17004","34.800503","33.0","2","","a4:2b:8c:99:02:05","lazare2.4","1.0","-91.0","","62:a3:86:0a:53:52","Bezeq Free 0a5352","6.0","-90.0"
"Fri Oct 27 16:23:13 IDT 2017","model=Lenovo PB2-690Y","device=PB2PRO","32.170036","34.80051","33.0","1","","d8:38:fc:66:02:98","","6.0","-91.0"
"Fri Oct 27 16:23:17 IDT 2017","model=Lenovo PB2-690Y","device=PB2PRO","32.169918","34.800488","31.0","1","","30:e1:71:f0:7b:52","DIRECT-51-HP DeskJet 4670 series","10.0","-94.0"
"Fri Oct 27 16:23:20 IDT 2017","model=Lenovo PB2-690Y","device=PB2PRO","32.16972","34.800415","30.0","2","","74:ea:3a:e5:4f:02","Bubble Wifi","6.0","-87.0","","84:34:97:ac:a1:5c","HP-Print-5C-Officejet Pro 8600","1.0","-94.0"
"Fri Oct 27 16:23:22 IDT 2017","model=Lenovo PB2-690Y","device=PB2PRO","32.169533","34.800358","30.0","4","","c4:12:f5:f5:45:f6","Benhamou","3.0","-93.0","","5c:b9:01:6a:8c:45","HP-Print-45-Deskjet 4640 series","6.0","-87.0","","72:2b:8c:99:02:06","Bezeq Free NA1F34","1.0","-92.0","","54:64:d9:66:27:79","HOTBOX-62D0","1.0","-80.0"
"Fri Oct 27 16:23:25 IDT 2017","model=Lenovo PB2-690Y","device=PB2PRO","32.169254","34.80028","25.0","4","","c4:12:f5:f5:45:f6","Benhamou","3.0","-88.0","","0c:f4:d5:5b:49:38","","7.0","-91.0","","a0:48:1c:65:96:33","HP-Print-33-Deskjet 4640 series","1.0","-91.0","","0c:f4:d5:1b:49:38","DanAccadia","7.0","-90.0"
"Fri Oct 27 16:23:28 IDT 2017","model=Lenovo PB2-690Y","device=PB2PRO","32.16897","34.800224","25.0","8","","10:be:f5:3d:80:3a","Chana","9.0","-93.0","","74:da:38:a6:3c:32","HOTBOX-62D0_2EX","1.0","-85.0","","62:a3:86:0a:53:52","Bezeq Free 0a5352","6.0","-93.0","","d8:38:fc:66:02:98","","6.0","-91.0","","30:e1:71:f0:7b:52","DIRECT-51-HP DeskJet 4670 series","10.0","-83.0","","e0:8f:ec:05:fb:f7","Mishayev","6.0","-84.0","","e8:d1:1b:71:e6:9e","HOTBOX-E698","6.0","-88.0","","a0:4f:d4:44:36:71","Gold","1.0","-90.0"
"Fri Oct 27 16:23:31 IDT 2017","model=Lenovo PB2-690Y","device=PB2PRO","32.16873","34.80017","25.0","9","","6c:b0:ce:e8:2a:b0","Video Connection","1.0","-83.0","","b4:ee:b4:a7:3e:03","HOTBOX-3DFD","1.0","-85.0","","e4:f4:c6:d8:e8:60","SavantS","6.0","-84.0","","d8:38:fc:66:dc:38","","4.0","-89.0","","d8:38:fc:26:dc:38","DanAccadia","4.0","-86.0","","4c:60:de:42:20:28","BezeqNGN_98087","11.0","-87.0","","fa:8f:ca:67:d0:69","","3.0","-88.0","","62:ff:d4:7a:ac:3a","Bezeq Free 3A4428","11.0","-90.0","","d8:38:fc:25:9d:28","DanAccadia","4.0","-90.0"
"Fri Oct 27 16:23:34 IDT 2017","model=Lenovo PB2-690Y","device=PB2PRO","32.168575","34.80014","27.0","7","","c0:a0:bb:cc:e2:3a","Happy Home Network","1.0","-89.0","","d4:68:4d:79:27:a3","island-3927A0","9.0","-87.0","","62:fc:af:9d:69:bf","Bezeq Free","1.0","-87.0","","90:6c:ac:a9:dd:ba","Treepodia_WIFI2","11.0","-92.0","","1c:5f:2b:91:45:b1","Davis","1.0","-85.0","","6c:b0:ce:e8:29:c0","Video Connection","11.0","-88.0","","54:e6:fc:ff:72:1f","Lazar","6.0","-90.0"
"Fri Oct 27 16:23:37 IDT 2017","model=Lenovo PB2-690Y","device=PB2PRO","32.1684","34.800117","28.0","10","","5c:b9:01:6a:8c:45","HP-Print-45-Deskjet 4640 series","6.0","-90.0","","54:64:d9:66:27:79","HOTBOX-62D0","1.0","-83.0","","54:e6:fc:cc:5a:b8","ISRAEL26","11.0","-90.0","","e4:f4:c6:d8:e8:60","SavantS","6.0","-77.0","","0c:f4:d5:5b:d8:38","","1.0","-86.0","","d8:38:fc:65:9d:28","","4.0","-88.0","","d4:68:4d:39:23:b8","Marine-Heights","11.0","-88.0","","0c:f4:d5:1b:e1:58","DanAccadia","4.0","-85.0","","9c:97:26:8a:43:e1","TNCAPE5A34D","1.0","-88.0","","d8:38:fc:26:dd:d8","DanAccadia","8.0","-90.0"
"Fri Oct 27 16:23:40 IDT 2017","model=Lenovo PB2-690Y","device=PB2PRO","32.16821","34.800095","26.0","8","","c4:12:f5:f5:45:f6","Benhamou","3.0","-84.0","","a0:48:1c:65:96:33","HP-Print-33-Deskjet 4640 series","1.0","-89.0","","d4:68:4d:79:27:a3","island-3927A0","9.0","-81.0","","d8:38:fc:26:dc:38","DanAccadia","4.0","-81.0","","08:5b:0e:8e:06:97","Rozalin.co.il","1.0","-83.0","","14:ae:db:32:cf:42","Daniela","7.0","-84.0","","d8:38:fc:66:dd:d8","","8.0","-88.0","","84:34:97:1c:cd:99","HP-Print-99-Officejet 6700","6.0","-91.0"
"Fri Oct 27 16:23:43 IDT 2017","model=Lenovo PB2-690Y","device=PB2PRO","32.16806","34.800205","28.0","9","","30:e1:71:f0:7b:52","DIRECT-51-HP DeskJet 4670 series","10.0","-74.0","","14:d6:4d:f4:42:d7","PELEG","6.0","-81.0","","d8:38:fc:68:24:7c","","44.0","-88.0","","d0:d4:12:5c:4d:4a","NET0130335","1.0","-82.0","","0c:f4:d5:5b:09:9c","","58.0","-91.0","","d8:38:fc:68:18:58","","6.0","-90.0","","d8:38:fc:28:24:7c","DanAccadia","44.0","-88.0","","0c:f4:d5:1b:d7:a8","DanAccadia","1.0","-83.0","","0c:f4:d5:1b:0b:18","DanAccadia","4.0","-86.0"
"Fri Oct 27 16:23:46 IDT 2017","model=Lenovo PB2-690Y","device=PB2PRO","32.16802","34.800446","27.0","7","","c0:a0:bb:cc:e2:3a","Happy Home Network","1.0","-77.0","","08:5b:0e:8e:06:97","Rozalin.co.il","1.0","-77.0","","c0:ac:54:f7:3f:be","feelhome","1.0","-77.0","","00:8c:54:91:22:f1","hilary","1.0","-87.0","","0c:f4:d5:5b:49:38","","7.0","-94.0","","1c:af:f7:6f:07:93","margopharma","6.0","-92.0","","0c:f4:d5:1b:49:38","DanAccadia","7.0","-87.0"
"Fri Oct 27 16:23:49 IDT 2017","model=Lenovo PB2-690Y","device=PB2PRO","32.167988","34.80082","26.0","11","","e4:f4:c6:d8:e8:60","SavantS","6.0","-70.0","","1c:af:f7:6f:07:93","margopharma","6.0","-84.0","","14:ae:db:cb:03:05","BEZEQINT-0301","11.0","-76.0","","90:8d:78:e4:ab:7f","HOTBOX-AB52","11.0","-74.0","","c0:ac:54:f8:ea:e1","HOTBOX-1C48","1.0","-79.0","","c0:ac:54:f7:13:e3","HOTBOX-1","6.0","-91.0","","48:ee:0c:3d:53:f3","network","9.0","-84.0","","7c:b7:33:ea:b3:b4","Shohat01","2.0","-84.0","","f8:e9:03:11:e0:d8","finquel","1.0","-81.0","","30:46:9a:2c:3d:94","marcus","6.0","-88.0","","ac:3f:a4:85:29:d8","Bhome-1845","1.0","-86.0"
"Fri Oct 27 16:23:52 IDT 2017","model=Lenovo PB2-690Y","device=PB2PRO","32.167942","34.80116","24.0","24","","c4:12:f5:f5:45:f6","Benhamou","3.0","-88.0","","e0:8f:ec:05:fb:f7","Mishayev","6.0","-84.0","","d4:68:4d:79:27:a3","island-3927A0","9.0","-85.0","","d8:38:fc:26:dc:38","DanAccadia","4.0","-81.0","","0c:f4:d5:5b:d8:38","","1.0","-86.0","","d8:38:fc:65:9d:28","","4.0","-88.0","","d4:68:4d:39:23:b8","Marine-Heights","11.0","-88.0","","0c:f4:d5:1b:e1:58","DanAccadia","4.0","-85.0","","9c:97:26:8a:43:e1","TNCAPE5A34D","1.0","-84.0","","d8:38:fc:26:dd:d8","DanAccadia","8.0","-90.0","","14:ae:db:32:cf:42","Daniela","7.0","-80.0","","d8:38:fc:66:dd:d8","","8.0","-88.0","","84:34:97:1c:cd:99","HP-Print-99-Officejet 6700","6.0","-87.0","","10:be:f5:37:f7:6e","sesadido","3.0","-78.0","","7c:03:4c:ba:a6:1c","Dror","11.0","-76.0","","e4:f4:c6:f9:02:60","SavantS","1.0","-79.0","","3c:52:82:b0:20:b1","DIRECT-B0-HP DeskJet 4670 series","11.0","-81.0","","70:5a:0f:f6:05:16","DIRECT-15-HP OfficeJet Pro 8720","2.0","-82.0","","a0:4f:d4:44:36:71","Gold","1.0","-87.0","","e0:ce:c3:8c:2b:5a","stefan","6.0","-89.0","","bc:f6:85:0b:6c:bf","DianneC","6.0","-93.0","","a0:21:b7:79:da:8c","Bezeq-n_DA8C","11.0","-83.0","","f8:1a:67:c2:2f:8c","TP-LINK_C22F8C","9.0","-77.0","","7c:b7:33:a1:a0:63","Siag","1.0","-86.0"
"Fri Oct 27 16:23:55 IDT 2017","model=Lenovo PB2-690Y","device=PB2PRO","32.167915","34.801453","24.0","23","","c0:a0:bb:cc:e2:3a","Happy Home Network","1.0","-77.0","","3c:1e:04:03:71:97","silverbeck","1.0","-92.0","","08:5b:0e:8e:06:97","Rozalin.co.il","1.0","-77.0","","14:d6:4d:f4:42:d7","PELEG","6.0","-81.0","","d8:38:fc:68:24:7c","","44.0","-88.0","","d0:d4:12:5c:4d:4a","NET0130335","1.0","-88.0","","0c:f4:d5:5b:09:9c","","58.0","-91.0","","d8:38:fc:68:18:58","","6.0","-90.0","","d8:38:fc:28:24:7c","DanAccadia","44.0","-88.0","","0c:f4:d5:1b:d7:a8","DanAccadia","1.0","-83.0","","0c:f4:d5:1b:0b:18","DanAccadia","4.0","-86.0","","c0:ac:54:f7:3f:be","feelhome","1.0","-77.0","","00:8c:54:91:22:f1","hilary","1.0","-87.0","","0c:f4:d5:5b:49:38","","7.0","-94.0","","0c:f4:d5:1b:49:38","DanAccadia","7.0","-87.0","","b4:ee:b4:a7:3e:03","HOTBOX-3DFD","1.0","-81.0","","a0:4f:d4:44:36:71","Gold","1.0","-80.0","","bc:f6:85:0b:6c:bf","DianneC","6.0","-81.0","","00:b0:c6:57:6a:91","LEE2","2.0","-73.0","","00:b0:c6:57:6a:99","LEE2","36.0","-84.0","","fc:b4:e6:d0:97:f1","HOTBOX-97EB","1.0","-78.0","","c0:ff:d4:bd:96:ca","I.L.L","1.0","-80.0","","c0:ac:54:f5:b1:84","preminger","6.0","-89.0"
"Fri Oct 27 16:23:58 IDT 2017","model=Lenovo PB2-690Y","device=PB2PRO","32.16789","34.80175","23.0","7","","00:8c:54:8b:ec:e1","Yoels","6.0","-85.0","","00:1b:9e:7a:43:13","dserota","6.0","-85.0","","c0:ff:d4:bd:9e:30","I.L.L","11.0","-70.0","","20:0c:c8:10:0c:23","Ste_2.4GHz","9.0","-79.0","","10:5a:f7:0e:5d:f5","Shiri1000_2.4","1.0","-81.0","","d0:d4:12:60:09:92","daniavnon","11.0","-84.0","","5c:f8:21:b0:f9:a3","","6.0","-87.0"
"Fri Oct 27 16:24:01 IDT 2017","model=Lenovo PB2-690Y","device=PB2PRO","32.167854","34.802067","25.0","18","","e4:f4:c6:d8:e8:60","SavantS","6.0","-70.0","","1c:af:f7:6f:07:93","margopharma","6.0","-84.0","","14:ae:db:cb:03:05","BEZEQINT-0301","11.0","-78.0","","90:8d:78:e4:ab:7f","HOTBOX-AB52","11.0","-80.0","","c0:ac:54:f8:ea:e1","HOTBOX-1C48","1.0","-79.0","","c0:ac:54:f7:13:e3","HOTBOX-1","6.0","-91.0","","48:ee:0c:3d:53:f3","network","9.0","-84.0","","7c:b7:33:ea:b3:b4","Shohat01","2.0","-80.0","","f8:e9:03:11:e0:d8","finquel","1.0","-84.0","","30:46:9a:2c:3d:94","marcus","6.0","-88.0","","ac:3f:a4:85:29:d8","Bhome-1845","1.0","-82.0","","c0:ff:d4:bd:96:ca","I.L.L","1.0","-74.0","","10:5a:f7:0e:5d:f5","Shiri1000_2.4","1.0","-70.0","","10:5a:f7:0e:5d:f6","Shiri1000_5","52.0","-87.0","","00:0e:f4:de:54:57","admin","1.0","-84.0","","f8:ab:05:47:be:01","HOTFiber-0869","6.0","-82.0","","2c:ab:25:78:9d:04","Ste_2.4GHz","9.0","-92.0","","14:cc:20:b3:99:76","Tache","3.0","-89.0"
"Fri Oct 27 16:24:04 IDT 2017","model=Lenovo PB2-690Y","device=PB2PRO","32.16782","34.802406","26.0","22","","d4:68:4d:79:27:a3","island-3927A0","9.0","-85.0","","84:34:97:1c:cd:99","HP-Print-99-Officejet 6700","6.0","-87.0","","10:be:f5:37:f7:6e","sesadido","3.0","-78.0","","7c:03:4c:ba:a6:1c","Dror","11.0","-76.0","","e4:f4:c6:f9:02:60","SavantS","1.0","-79.0","","70:5a:0f:f6:05:16","DIRECT-15-HP OfficeJet Pro 8720","2.0","-94.0","","e0:ce:c3:8c:2b:5a","stefan","6.0","-91.0","","9c:d6:43:23:0c:9c","joy","6.0","-87.0","","00:1b:9e:7a:43:13","dserota","6.0","-76.0","","a0:21:b7:79:da:8c","Bezeq-n_DA8C","11.0","-83.0","","f8:1a:67:c2:2f:8c","TP-LINK_C22F8C","9.0","-77.0","","7c:b7:33:a1:a0:63","Siag","1.0","-86.0","","c4:a8:1d:12:62:55","Serge_2.4","11.0","-83.0","","5a:b0:ce:33:a4:d6","Bezeq Free","1.0","-77.0","","6c:b0:ce:33:a4:d5","hagit_2.4","1.0","-81.0","","2c:ab:25:78:9d:04","Ste_2.4GHz","9.0","-87.0","","e8:fc:af:92:b9:87","elneuron","1.0","-73.0","","a4:2b:8c:98:db:d2","vue sur mer_2.4","1.0","-74.0","","08:6a:0a:6a:04:f7","HOTFiber-C09E","6.0","-76.0","","7c:b7:33:ea:b6:8f","HOTFiber5476","11.0","-84.0","","7c:03:4c:ff:28:2c","HOTBOX-C85E","6.0","-87.0","","c0:c1:c0:20:90:af","Nati","6.0","-85.0"
"Fri Oct 27 16:24:07 IDT 2017","model=Lenovo PB2-690Y","device=PB2PRO","32.167778","34.80267","23.0","9","","b4:ee:b4:a7:3e:03","HOTBOX-3DFD","1.0","-81.0","","a0:4f:d4:44:36:71","Gold","1.0","-88.0","","bc:f6:85:0b:6c:bf","DianneC","6.0","-81.0","","00:b0:c6:57:6a:91","LEE2","2.0","-77.0","","00:b0:c6:57:6a:99","LEE2","36.0","-87.0","","fc:b4:e6:d0:97:f1","HOTBOX-97EB","1.0","-80.0","","c0:ac:54:f5:b1:84","preminger","6.0","-87.0","","48:ee:0c:3a:19:c7","bz46564990","10.0","-82.0","","c0:ac:54:f5:d7:ff","HOT1","11.0","-75.0"
"Fri Oct 27 16:24:10 IDT 2017","model=Lenovo PB2-690Y","device=PB2PRO","32.16776","34.80282","26.0","7","","00:8c:54:8b:ec:e1","Yoels","6.0","-90.0","","c0:ff:d4:bd:9e:30","I.L.L","11.0","-70.0","","20:0c:c8:10:0c:23","Ste_2.4GHz","9.0","-88.0","","d0:d4:12:60:09:92","daniavnon","11.0","-84.0","","5c:f8:21:b0:f9:a3","","6.0","-87.0","","10:0d:7f:99:bd:b2","099556880","11.0","-81.0","","5c:d9:98:c5:c5:a2","Bezeq-N_c5c5a1","6.0","-87.0"
"Fri Oct 27 16:24:13 IDT 2017","model=Lenovo PB2-690Y","device=PB2PRO","32.167755","34.80285","27.0","1","","9c:d6:43:23:99:91","Roikhel","6.0","-90.0"
"Fri Oct 27 16:24:16 IDT 2017","model=Lenovo PB2-690Y","device=PB2PRO","32.16776","34.802853","28.0","1","","30:e1:71:d5:5c:ab","DIRECT-AA-HP OfficeJet Pro 8710","9.0","-98.0"
"Fri Oct 27 16:24:20 IDT 2017","model=Lenovo PB2-690Y","device=PB2PRO","32.167763","34.802853","29.0","1","","70:3a:cb:5f:4f:25","wingate","6.0","-90.0"
"Fri Oct 27 16:24:28 IDT 2017","model=Lenovo PB2-690Y","device=PB2PRO","32.167778","34.802864","31.0","2","","c0:ac:54:f8:0c:1f","HOTBOX-3A94","11.0","-87.0","","30:e1:71:d5:5c:ab","DIRECT-AA-HP OfficeJet Pro 8710","9.0","-93.0"
"Fri Oct 27 16:24:34 IDT 2017","model=Lenovo PB2-690Y","device=PB2PRO","32.167774","34.80286","31.0","1","","a0:ab:1b:62:76:ac","anna2.4","2.0","-83.0"
"Fri Oct 27 16:24:52 IDT 2017","model=Lenovo PB2-690Y","device=PB2PRO","32.167732","34.80303","39.0","1","","a0:ab:1b:61:6b:36","Bezeq_WiFi","11.0","-96.0"
"Fri Oct 27 16:24:55 IDT 2017","model=Lenovo PB2-690Y","device=PB2PRO","32.16776","34.80325","38.0","5","","6a:12:f5:84:50:41","BezeqFree","8.0","-87.0","","c4:12:f5:84:50:40","opus7","8.0","-87.0","","c4:12:f5:fd:d1:94","klara-012","2.0","-85.0","","70:62:b8:31:1d:80","tania_2.4","11.0","-94.0","","ec:22:80:b3:2e:10","770","6.0","-90.0"
"Fri Oct 27 16:24:58 IDT 2017","model=Lenovo PB2-690Y","device=PB2PRO","32.16793","34.803333","36.0","6","","6a:12:f5:84:50:41","BezeqFree","8.0","-81.0","","c4:12:f5:84:50:40","opus7","8.0","-82.0","","14:ae:db:44:c5:45","svetlana","6.0","-83.0","","14:ae:db:32:13:d2","Yafim","5.0","-85.0","","00:12:2a:11:1c:64","orange-inna","11.0","-87.0","","7c:03:4c:fe:ba:1b","HOTBOX","1.0","-88.0"
"Fri Oct 27 16:25:01 IDT 2017","model=Lenovo PB2-690Y","device=PB2PRO","32.168087","34.803432","34.0","5","","e8:fc:af:92:b9:87","elneuron","1.0","-88.0","","6c:b0:ce:33:a4:d5","hagit_2.4","1.0","-84.0","","5a:b0:ce:33:a4:d6","Bezeq Free","1.0","-84.0","","d0:d4:12:68:0a:0a","netbo1","11.0","-87.0","","00:22:b0:75:7d:eb","gella555","6.0","-86.0"
"Fri Oct 27 16:25:04 IDT 2017","model=Lenovo PB2-690Y","device=PB2PRO","32.168137","34.803703","32.0","4","","48:ee:0c:3a:19:c7","bz46564990","10.0","-89.0","","14:ae:db:b2:8e:75","Biana_n","11.0","-91.0","","a4:2b:8c:98:db:d2","vue sur mer_2.4","1.0","-91.0","","00:22:3f:80:0d:4e","SHURSH","9.0","-91.0"
"Fri Oct 27 16:25:07 IDT 2017","model=Lenovo PB2-690Y","device=PB2PRO","32.168106","34.804066","33.0","8","","10:0d:7f:99:bd:b2","099556880","11.0","-88.0","","a0:ab:1b:62:76:ac","anna2.4","2.0","-86.0","","9c:d6:43:23:99:91","Roikhel","6.0","-88.0","","c0:ac:54:f8:0c:1f","HOTBOX-3A94","11.0","-94.0","","70:3a:cb:5f:4f:25","wingate","6.0","-87.0","","5c:d9:98:c5:c5:a2","Bezeq-N_c5c5a1","6.0","-88.0","","a0:ab:1b:61:6b:36","Bezeq_WiFi","11.0","-95.0","","b4:ee:b4:ac:ce:70","Sveta","11.0","-93.0"
"Fri Oct 27 16:25:10 IDT 2017","model=Lenovo PB2-690Y","device=PB2PRO","32.16805","34.804543","32.0","14","","6a:12:f5:84:50:41","BezeqFree","8.0","-91.0","","c4:12:f5:84:50:40","opus7","8.0","-84.0","","c4:12:f5:fd:d1:94","klara-012","2.0","-90.0","","70:62:b8:31:1d:80","tania_2.4","11.0","-91.0","","ec:22:80:b3:2e:10","770","6.0","-90.0","","14:ae:db:44:c5:45","svetlana","6.0","-87.0","","14:ae:db:32:13:d2","Yafim","5.0","-85.0","","00:12:2a:11:1c:64","orange-inna","11.0","-87.0","","7c:03:4c:fe:ba:1b","HOTBOX","1.0","-88.0","","d0:d4:12:68:0a:0a","netbo1","11.0","-90.0","","00:22:b0:75:7d:eb","gella555","6.0","-88.0","","50:c7:bf:18:9a:de","TP-LINK_UKTVWATCH","8.0","-95.0","","14:ae:db:b5:1b:cd","IGOR","6.0","-94.0","","48:ee:0c:3e:cb:98","Mwanza","3.0","-93.0"
"Fri Oct 27 16:25:13 IDT 2017","model=Lenovo PB2-690Y","device=PB2PRO","32.168","34.80501","31.0","11","","14:ae:db:b2:8e:75","Biana_n","11.0","-88.0","","a4:2b:8c:98:db:d2","vue sur mer_2.4","1.0","-91.0","","00:22:3f:80:0d:4e","SHURSH","9.0","-88.0","","8a:1b:5e:83:d7:c2","TP-LINK_UKTVWATCH_EXT","8.0","-90.0","","00:8c:54:8f:59:51","shlomo1","6.0","-92.0","","7c:b7:33:ea:a3:72","HOTFiber-FF2F","1.0","-84.0","","f8:d1:11:75:25:64","Murad1","1.0","-89.0","","62:8d:78:50:6a:13","BezeqFree","11.0","-92.0","","6c:b0:ce:33:a4:d5","hagit_2.4","1.0","-92.0","","c0:c1:c0:ce:4d:06","ida","11.0","-91.0","","5a:b0:ce:33:a4:d6","Bezeq Free","1.0","-92.0"
"Fri Oct 27 16:25:16 IDT 2017","model=Lenovo PB2-690Y","device=PB2PRO","32.167942","34.80539","32.0","4","","b4:ee:b4:ac:ce:70","Sveta","11.0","-93.0","","90:8d:78:50:6a:12","gabriel","11.0","-89.0","","16:0c:c3:ee:59:79","MOSHE","11.0","-90.0","","c8:be:19:07:58:09","elissa","1.0","-90.0"
"Fri Oct 27 16:25:19 IDT 2017","model=Lenovo PB2-690Y","device=PB2PRO","32.167877","34.80563","33.0","12","","6a:12:f5:84:50:41","BezeqFree","8.0","-91.0","","c4:12:f5:fd:d1:94","klara-012","2.0","-90.0","","70:62:b8:31:1d:80","tania_2.4","11.0","-91.0","","14:ae:db:44:c5:45","svetlana","6.0","-87.0","","d0:d4:12:68:0a:0a","netbo1","11.0","-90.0","","00:22:b0:75:7d:eb","gella555","6.0","-88.0","","50:c7:bf:18:9a:de","TP-LINK_UKTVWATCH","8.0","-95.0","","14:ae:db:b5:1b:cd","IGOR","6.0","-94.0","","48:ee:0c:3e:cb:98","Mwanza","3.0","-91.0","","20:0c:c8:10:c8:11","Heifes","1.0","-92.0","","b0:89:00:d8:86:e5","Partner-4G-86E5","10.0","-93.0","","d8:fe:e3:02:c5:49","Smoky","1.0","-93.0"
"Fri Oct 27 16:25:22 IDT 2017","model=Lenovo PB2-690Y","device=PB2PRO","32.1678","34.805767","32.0","1","","94:57:a5:4d:eb:8b","DIRECT-52-HP DeskJet 3830 series","6.0","-92.0"
"Fri Oct 27 16:25:25 IDT 2017","model=Lenovo PB2-690Y","device=PB2PRO","32.16771","34.805912","32.0","1","","72:0c:c8:10:c8:12","Bezeq Free D02536","1.0","-93.0"
"Fri Oct 27 16:25:28 IDT 2017","model=Lenovo PB2-690Y","device=PB2PRO","32.167767","34.806065","35.0","10","","00:8c:54:8f:59:51","shlomo1","6.0","-92.0","","7c:b7:33:ea:a3:72","HOTFiber-FF2F","1.0","-84.0","","f8:d1:11:75:25:64","Murad1","1.0","-89.0","","62:8d:78:50:6a:13","BezeqFree","11.0","-92.0","","6c:b0:ce:33:a4:d5","hagit_2.4","1.0","-92.0","","c0:c1:c0:ce:4d:06","ida","11.0","-91.0","","5a:b0:ce:33:a4:d6","Bezeq Free","1.0","-92.0","","14:ae:db:53:0c:2d","Home","6.0","-90.0","","74:da:38:a9:0c:3e","Annatel_3372","2.0","-81.0","","18:d6:c7:ef:1e:a4","Hazan_Home","11.0","-85.0"
"Fri Oct 27 16:25:34 IDT 2017","model=Lenovo PB2-690Y","device=PB2PRO","32.16831","34.80617","35.0","1","","c0:ac:54:f6:3b:c0","HOTBOX1212","11.0","-84.0"
"Fri Oct 27 16:25:37 IDT 2017","model=Lenovo PB2-690Y","device=PB2PRO","32.168602","34.806263","31.0","8","","c4:04:15:a7:e0:e0","rfi","11.0","-89.0","","fc:b4:e6:d0:b6:67","gattegnio","6.0","-91.0","","ec:08:6b:67:fc:c5","gattegnio","6.0","-92.0","","a0:63:91:78:40:f2","rfi","4.0","-93.0","","30:e1:71:fc:37:55","DIRECT-54-HP OfficeJet 3830","2.0","-96.0","","70:5a:0f:67:88:45","HP-Print-45-Officejet Pro 6830","6.0","-90.0","","00:22:6c:5f:c6:d4","","11.0","-83.0","","b8:a3:86:0e:50:04","egypt 1","6.0","-94.0"
"Fri Oct 27 16:25:40 IDT 2017","model=Lenovo PB2-690Y","device=PB2PRO","32.168915","34.806355","30.0","6","","74:da:38:a9:0c:3e","Annatel_3372","2.0","-91.0","","18:d6:c7:ef:1e:a4","Hazan_Home","11.0","-85.0","","e2:91:f5:b6:ec:a8","shor_Ext","11.0","-90.0","","fc:b4:e6:d0:b6:67","gattegnio","6.0","-85.0","","ec:08:6b:67:fc:c5","gattegnio","6.0","-82.0","","88:dc:96:1c:a2:00","zinger","5.0","-78.0"
"Fri Oct 27 16:25:43 IDT 2017","model=Lenovo PB2-690Y","device=PB2PRO","32.16925","34.806427","26.0","3","","14:ae:db:45:27:5d","Melinek","11.0","-74.0","","10:0d:7f:86:a4:42","melsara","11.0","-86.0","","6c:b0:ce:36:91:9f","obadiahouse1_2_4","1.0","-91.0"
"Fri Oct 27 16:25:46 IDT 2017","model=Lenovo PB2-690Y","device=PB2PRO","32.16953","34.806496","28.0","5","","c0:ac:54:f6:3b:c0","HOTBOX1212","11.0","-84.0","","6c:b0:ce:36:91:9f","obadiahouse1_2_4","1.0","-85.0","","10:be:f5:3d:ac:54","tambourh","9.0","-86.0","","20:0c:c8:2a:13:80","president","11.0","-89.0","","7c:b7:33:ea:b7:bd","HOTFiber-1B7F","11.0","-90.0"
"Fri Oct 27 16:25:49 IDT 2017","model=Lenovo PB2-690Y","device=PB2PRO","32.16985","34.806602","31.0","5","","c4:04:15:a7:e0:e0","rfi","11.0","-89.0","","a0:63:91:78:40:f2","rfi","4.0","-93.0","","70:5a:0f:67:88:45","HP-Print-45-Officejet Pro 6830","6.0","-91.0","","00:22:6c:5f:c6:d4","","11.0","-83.0","","b8:a3:86:0e:50:04","egypt 1","6.0","-94.0"
"Fri Oct 27 16:25:52 IDT 2017","model=Lenovo PB2-690Y","device=PB2PRO","32.170197","34.806755","31.0","6","","fc:b4:e6:d0:b6:67","gattegnio","6.0","-89.0","","ec:08:6b:67:fc:c5","gattegnio","6.0","-91.0","","88:dc:96:1c:a2:00","zinger","5.0","-78.0","","34:8a:ae:ff:c0:96","YamNadlan","1.0","-62.0","","34:8a:ae:ff:c0:97","YamNadlan","52.0","-81.0","","c4:e9:84:aa:f0:c0","TP-LINK_AAF0C0","1.0","-93.0"
"Fri Oct 27 16:25:55 IDT 2017","model=Lenovo PB2-690Y","device=PB2PRO","32.17051","34.806877","29.0","4","","14:ae:db:45:27:5d","Melinek","11.0","-86.0","","10:0d:7f:86:a4:42","melsara","11.0","-90.0","","e4:6f:13:47:e4:21","GuestHome","6.0","-92.0","","e4:6f:13:47:e4:20","Home2","6.0","-95.0"
"Fri Oct 27 16:25:58 IDT 2017","model=Lenovo PB2-690Y","device=PB2PRO","32.170788","34.807007","29.0","9","","6c:b0:ce:36:91:9f","obadiahouse1_2_4","1.0","-85.0","","10:be:f5:3d:ac:54","tambourh","9.0","-87.0","","20:0c:c8:2a:13:80","president","11.0","-89.0","","7c:b7:33:ea:b7:bd","HOTFiber-1B7F","11.0","-90.0","","d4:6e:0e:cf:bc:ca","upstairs","6.0","-84.0","","00:50:7f:f1:18:64","rojavi","11.0","-82.0","","d4:6e:0e:3c:2f:99","rojavi_EXT","11.0","-89.0","","00:1d:aa:0f:59:f0","rojavi2017","11.0","-89.0","","14:ae:db:47:49:9d","harry","1.0","-96.0"
"Fri Oct 27 16:26:01 IDT 2017","model=Lenovo PB2-690Y","device=PB2PRO","32.171055","34.80711","29.0","2","","ac:f1:df:a0:70:e9","rojavi2017","6.0","-76.0","","52:f1:df:a0:70:ea","Bezeq Free","6.0","-76.0"
"Fri Oct 27 16:26:04 IDT 2017","model=Lenovo PB2-690Y","device=PB2PRO","32.171352","34.807262","31.0","4","","34:8a:ae:ff:c0:96","YamNadlan","1.0","-79.0","","34:8a:ae:ff:c0:97","YamNadlan","52.0","-81.0","","c4:e9:84:aa:f0:c0","TP-LINK_AAF0C0","1.0","-93.0","","14:ae:db:bd:c3:42","wizardofoz","7.0","-87.0"
"Fri Oct 27 16:26:07 IDT 2017","model=Lenovo PB2-690Y","device=PB2PRO","32.171726","34.8074","28.0","6","","e4:6f:13:47:e4:21","GuestHome","6.0","-92.0","","e4:6f:13:47:e4:20","Home2","6.0","-94.0","","f0:b4:29:f1:f0:1b","HOTFiber-06B6","11.0","-88.0","","f8:32:e4:b4:31:40","TV","2.0","-90.0","","00:78:9e:fa:b1:de","HOTBOX-D7AA","1.0","-93.0","","62:a4:4c:f1:7b:d9","Network","11.0","-92.0"
"Fri Oct 27 16:26:10 IDT 2017","model=Lenovo PB2-690Y","device=PB2PRO","32.17197","34.807514","27.0","15","","d4:6e:0e:cf:bc:ca","upstairs","6.0","-84.0","","00:50:7f:f1:18:64","rojavi","11.0","-82.0","","d4:6e:0e:3c:2f:99","rojavi_EXT","11.0","-89.0","","00:1d:aa:0f:59:f0","rojavi2017","11.0","-89.0","","14:ae:db:47:49:9d","harry","1.0","-96.0","","00:78:9e:fa:b1:de","HOTBOX-D7AA","1.0","-88.0","","48:ee:0c:3d:1d:6c","alexrath","8.0","-87.0","","90:f6:52:78:f4:cb","Van2","10.0","-91.0","","74:da:38:73:17:cf","menashe_2EX","4.0","-89.0","","f8:ab:05:47:21:8f","HOTFiber-C5F0","11.0","-90.0","","14:ae:db:48:16:65","menashe","4.0","-91.0","","08:3e:5d:63:39:61","HOTFiber-06B6","4.0","-91.0","","08:6a:0a:57:c1:72","HOTFiber-C5F0","11.0","-92.0","","ec:8e:b5:05:97:a5","DIRECT-FC-HP OfficeJet Pro 8720","1.0","-94.0","","00:78:9e:fa:4e:8d","HOTBOX-DF26","1.0","-91.0"
"Fri Oct 27 16:26:13 IDT 2017","model=Lenovo PB2-690Y","device=PB2PRO","32.17223","34.80763","36.0","13","","ac:f1:df:a0:70:e9","rojavi2017","6.0","-88.0","","52:f1:df:a0:70:ea","Bezeq Free","6.0","-88.0","","48:ee:0c:3d:1d:6c","alexrath","8.0","-81.0","","90:f6:52:78:f4:cb","Van2","10.0","-83.0","","74:da:38:73:17:cf","menashe_2EX","4.0","-81.0","","f8:ab:05:47:21:8f","HOTFiber-C5F0","11.0","-85.0","","14:ae:db:48:16:65","menashe","4.0","-85.0","","08:6a:0a:57:c1:72","HOTFiber-C5F0","11.0","-87.0","","ec:8e:b5:05:97:a5","DIRECT-FC-HP OfficeJet Pro 8720","1.0","-80.0","","14:ae:db:4c:d1:55","Tankus","10.0","-84.0","","08:3e:5d:61:fc:59","HOTFiber-C5F0","11.0","-86.0","","9e:93:4e:78:1c:45","DIRECT-7DWorkCentre 3345","1.0","-89.0","","80:1f:02:66:5a:58","Edimax AP","11.0","-93.0"
"Fri Oct 27 16:26:16 IDT 2017","model=Lenovo PB2-690Y","device=PB2PRO","32.172504","34.80774","42.0","4","","14:ae:db:bd:c3:42","wizardofoz","7.0","-87.0","","74:da:38:a1:8b:db","Dodo","5.0","-83.0","","7c:b7:33:c0:ad:87","HOTBOX","1.0","-85.0","","c0:ac:54:f7:fb:ba","Roni","6.0","-92.0"
"Fri Oct 27 16:26:19 IDT 2017","model=Lenovo PB2-690Y","device=PB2PRO","32.17276","34.807835","39.0","8","","f0:b4:29:f1:f0:1b","HOTFiber-06B6","11.0","-88.0","","f8:32:e4:b4:31:40","TV","2.0","-90.0","","62:a4:4c:f1:7b:d9","Network","11.0","-92.0","","90:f6:52:78:f4:cb","Van2","10.0","-78.0","","74:da:38:a1:8b:db","Dodo","5.0","-74.0","","00:12:2a:35:b1:64","George","1.0","-88.0","","70:62:b8:33:d8:17","babani_2.4","1.0","-91.0","","fc:3f:db:a0:46:84","DIRECT-02-HP DeskJet 3830 series","1.0","-92.0"
"Fri Oct 27 16:26:22 IDT 2017","model=Lenovo PB2-690Y","device=PB2PRO","32.173023","34.80797","39.0","8","","00:78:9e:fa:b1:de","HOTBOX-D7AA","1.0","-88.0","","08:3e:5d:63:39:61","HOTFiber-06B6","4.0","-91.0","","00:78:9e:fa:4e:8d","HOTBOX-DF26","1.0","-91.0","","a4:2b:8c:9d:20:f7","moka_5","60.0","-82.0","","00:78:9e:fb:7f:c0","HOTBOX-3724","11.0","-93.0","","e8:94:f6:71:f4:5b","HamiacheM","6.0","-93.0","","d8:fb:5e:18:49:70","LIT","11.0","-96.0","","6c:19:8f:4b:56:3b","clean shop Wi Fi","6.0","-94.0"
"Fri Oct 27 16:26:25 IDT 2017","model=Lenovo PB2-690Y","device=PB2PRO","32.173298","34.808086","41.0","26","","48:ee:0c:3d:1d:6c","alexrath","8.0","-81.0","","74:da:38:73:17:cf","menashe_2EX","4.0","-81.0","","f8:ab:05:47:21:8f","HOTFiber-C5F0","11.0","-85.0","","14:ae:db:48:16:65","menashe","4.0","-85.0","","08:6a:0a:57:c1:72","HOTFiber-C5F0","11.0","-87.0","","14:ae:db:4c:d1:55","Tankus","10.0","-84.0","","08:3e:5d:61:fc:59","HOTFiber-C5F0","11.0","-86.0","","80:1f:02:66:5a:58","Edimax AP","11.0","-93.0","","e8:94:f6:71:f4:5b","HamiacheM","6.0","-85.0","","d8:fb:5e:18:49:70","LIT","11.0","-88.0","","40:65:a3:29:21:d8","Mica1","1.0","-78.0","","74:ea:3a:e5:42:ee","TP-LINK_E542EE","4.0","-84.0","","c0:ac:54:f9:08:da","hagai123","1.0","-79.0","","56:35:30:aa:49:43","DIRECT-9J-BRAVIA","11.0","-81.0","","c4:12:f5:f6:7f:70","Yonatan","10.0","-88.0","","00:78:9e:fb:bc:7c","oren1","1.0","-85.0","","a0:8e:78:7f:3e:bb","HOTBOX-E35E","6.0","-85.0","","14:ae:db:43:27:3d","HamiacheM","6.0","-86.0","","10:5a:f7:0f:7e:45","SarahMonAmour_2.4","1.0","-87.0","","6c:2e:85:fe:a1:37","HOTBOX-8A9C","11.0","-89.0","","14:af:db:cd:36:3a","BezeqFree","10.0","-89.0","","d8:fb:5e:17:e3:64","HOTBOX-E35E","6.0","-91.0","","c0:ac:54:f5:d6:3d","Banana","6.0","-92.0","","14:ae:db:cd:36:3a","Momo","10.0","-93.0","","50:c7:bf:7f:7c:3c","newyossi","9.0","-94.0","","5a:2b:8c:9d:20:f4","@Cafe","1.0","-84.0"
"Fri Oct 27 16:26:28 IDT 2017","model=Lenovo PB2-690Y","device=PB2PRO","32.17343","34.808254","40.0","6","","00:78:9e:fb:7f:c0","HOTBOX-3724","11.0","-87.0","","00:78:9e:fb:bc:7c","oren1","1.0","-77.0","","10:5a:f7:06:d2:0a","berko_5","52.0","-89.0","","14:ae:db:cd:36:3d","Momo_5","48.0","-90.0","","ac:f1:df:9e:31:81","SashaHome","6.0","-90.0","","5c:d9:98:c6:50:2f","peles","6.0","-90.0"
"Fri Oct 27 16:26:31 IDT 2017","model=Lenovo PB2-690Y","device=PB2PRO","32.173378","34.808475","40.0","6","","64:70:02:c5:73:b0","HomeWi-Fi","9.0","-92.0","","98:e7:f4:b5:bc:25","DIRECT-24-HP OfficeJet Pro 6960","1.0","-84.0","","10:5a:f7:06:d2:09","berko_2.4","1.0","-85.0","","74:da:3a:be:d7:a2","Yvo_home","6.0","-87.0","","c8:be:19:0c:af:01","sw","1.0","-87.0","","6c:19:8f:49:e9:8c","reuven","6.0","-88.0"
"Fri Oct 27 16:26:34 IDT 2017","model=Lenovo PB2-690Y","device=PB2PRO","32.17331","34.80883","42.0","6","","00:12:2a:f2:17:18","uzi","1.0","-81.0","","64:70:02:c5:70:b8","HomeWi-Fi","11.0","-90.0","","74:da:38:be:d7:a1","Yvo_home_2EX","6.0","-83.0","","14:ae:db:37:05:65","Yvo_home","6.0","-91.0","","a4:2b:8c:9d:20:f6","moka","1.0","-95.0","","30:e1:71:fb:dd:ed","DIRECT-EC-HP DeskJet 3830 series","11.0","-96.0"
"Fri Oct 27 16:26:37 IDT 2017","model=Lenovo PB2-690Y","device=PB2PRO","32.17325","34.80921","39.0","23","","e8:94:f6:71:f4:5b","HamiacheM","6.0","-85.0","","d8:fb:5e:18:49:70","LIT","11.0","-88.0","","6c:19:8f:4b:56:3b","clean shop Wi Fi","6.0","-90.0","","40:65:a3:29:21:d8","Mica1","1.0","-78.0","","74:ea:3a:e5:42:ee","TP-LINK_E542EE","4.0","-84.0","","c0:ac:54:f9:08:da","hagai123","1.0","-79.0","","c4:12:f5:f6:7f:70","Yonatan","10.0","-88.0","","a0:8e:78:7f:3e:bb","HOTBOX-E35E","6.0","-81.0","","14:ae:db:43:27:3d","HamiacheM","6.0","-84.0","","10:5a:f7:0f:7e:45","SarahMonAmour_2.4","1.0","-87.0","","6c:2e:85:fe:a1:37","HOTBOX-8A9C","11.0","-85.0","","14:af:db:cd:36:3a","BezeqFree","10.0","-89.0","","d8:fb:5e:17:e3:64","HOTBOX-E35E","6.0","-91.0","","c0:ac:54:f5:d6:3d","Banana","6.0","-90.0","","14:ae:db:cd:36:3a","Momo","10.0","-92.0","","50:c7:bf:7f:7c:3c","newyossi","9.0","-94.0","","5a:2b:8c:9d:20:f4","@Cafe","1.0","-84.0","","7c:b7:33:a1:a5:6d","HOTFiber","10.0","-81.0","","00:78:9e:fa:c7:d5","AHRONEE","1.0","-90.0","","74:da:38:a6:db:98","Greenberg1_2EX","11.0","-91.0","","ac:f1:df:9d:56:a9","gina","11.0","-93.0","","c0:ff:d4:7b:ee:4e","Benedicte","1.0","-93.0","","62:ff:d4:7b:ee:4f","Bezeq Free RA583B","1.0","-94.0"
"Fri Oct 27 16:26:40 IDT 2017","model=Lenovo PB2-690Y","device=PB2PRO","32.17315","34.80965","39.0","15","","00:78:9e:fb:7f:c0","HOTBOX-3724","11.0","-87.0","","00:78:9e:fb:bc:7c","oren1","1.0","-77.0","","10:5a:f7:06:d2:0a","berko_5","52.0","-89.0","","14:ae:db:cd:36:3d","Momo_5","48.0","-90.0","","ac:f1:df:9e:31:81","SashaHome","6.0","-90.0","","5c:d9:98:c6:50:2f","peles","6.0","-90.0","","64:70:02:c5:73:b0","HomeWi-Fi","9.0","-92.0","","10:5a:f7:06:d2:09","berko_2.4","1.0","-85.0","","74:da:3a:be:d7:a2","Yvo_home","6.0","-89.0","","c8:be:19:0c:af:01","sw","1.0","-86.0","","6c:19:8f:49:e9:8c","reuven","6.0","-88.0","","8c:59:c3:a3:61:e9","Cellcom-WiFi_2078","6.0","-89.0","","14:ae:db:b5:1b:dd","RINA","11.0","-90.0","","3c:1e:04:07:f1:6a","ANDY2.4","1.0","-93.0","","d8:fe:e3:02:93:49","EF-A","6.0","-94.0"
"Fri Oct 27 16:26:43 IDT 2017","model=Lenovo PB2-690Y","device=PB2PRO","32.17306","34.810116","37.0","8","","00:12:2a:f2:17:18","uzi","1.0","-81.0","","64:70:02:c5:70:b8","HomeWi-Fi","11.0","-90.0","","74:da:38:be:d7:a1","Yvo_home_2EX","6.0","-83.0","","14:ae:db:37:05:65","Yvo_home","6.0","-91.0","","a4:2b:8c:9d:20:f6","moka","1.0","-95.0","","6c:b0:ce:aa:73:31","SAGARMATHA","1.0","-88.0","","00:78:9e:fb:20:75","HOTBOX-007","1.0","-93.0","","6a:b0:ce:aa:73:32","Bezeq Free 9A236D","1.0","-86.0"
"Fri Oct 27 16:26:46 IDT 2017","model=Lenovo PB2-690Y","device=PB2PRO","32.172977","34.8105","32.0","18","","6c:2e:85:fe:a1:37","HOTBOX-8A9C","11.0","-85.0","","14:af:db:cd:36:3a","BezeqFree","10.0","-89.0","","c0:ac:54:f5:d6:3d","Banana","6.0","-90.0","","14:ae:db:cd:36:3a","Momo","10.0","-92.0","","5a:2b:8c:9d:20:f4","@Cafe","1.0","-84.0","","7c:b7:33:a1:a5:6d","HOTFiber","10.0","-90.0","","00:78:9e:fa:c7:d5","AHRONEE","1.0","-90.0","","74:da:38:a6:db:98","Greenberg1_2EX","11.0","-90.0","","ac:f1:df:9d:56:a9","gina","11.0","-93.0","","c0:ff:d4:7b:ee:4e","Benedicte","1.0","-93.0","","62:ff:d4:7b:ee:4f","Bezeq Free RA583B","1.0","-92.0","","7c:b7:33:c0:96:6c","HOTBOX-9666","1.0","-82.0","","08:02:8e:8c:24:e0","Sokol","11.0","-88.0","","84:16:f9:c2:fa:6e","dan38","4.0","-89.0","","84:16:f9:e5:fa:66","Ron","9.0","-93.0","","e8:fc:af:99:22:43","Dan38","1.0","-93.0","","b4:ee:b4:a7:37:d5","HOT","11.0","-93.0","","86:25:19:02:7e:a8","DIRECT-CJM2070 Series","11.0","-91.0"
"Fri Oct 27 16:26:49 IDT 2017","model=Lenovo PB2-690Y","device=PB2PRO","32.17293","34.810787","33.0","8","","74:da:3a:be:d7:a2","Yvo_home","6.0","-89.0","","8c:59:c3:a3:61:e9","Cellcom-WiFi_2078","6.0","-89.0","","14:ae:db:b5:1b:dd","RINA","11.0","-90.0","","3c:1e:04:07:f1:6a","ANDY2.4","1.0","-92.0","","d8:fe:e3:02:93:49","EF-A","6.0","-94.0","","14:cc:20:76:cc:fe","Angel","7.0","-85.0","","14:cc:20:76:cd:12","Angel","1.0","-89.0","","40:65:a3:29:99:51","HOTFiber-A5D","1.0","-87.0"
"Fri Oct 27 16:26:52 IDT 2017","model=Lenovo PB2-690Y","device=PB2PRO","32.17286","34.8111","29.0","1","","fa:8f:ca:96:85:cf","","11.0","-87.0"
"Fri Oct 27 16:26:55 IDT 2017","model=Lenovo PB2-690Y","device=PB2PRO","32.172745","34.811405","26.0","7","","6c:b0:ce:aa:73:31","SAGARMATHA","1.0","-88.0","","00:78:9e:fb:20:75","HOTBOX-007","1.0","-93.0","","6a:b0:ce:aa:73:32","Bezeq Free 9A236D","1.0","-86.0","","cc:b2:55:e6:f2:15","Dekel","6.0","-93.0","","74:da:38:a9:2c:6c","Dekel2","2.0","-90.0","","2c:b0:5d:2c:fe:54","GilPil","11.0","-91.0","","c0:ac:54:f7:df:a5","HOTBOX-1F4A","6.0","-95.0"
"Fri Oct 27 16:26:58 IDT 2017","model=Lenovo PB2-690Y","device=PB2PRO","32.172626","34.81166","26.0","7","","7c:b7:33:c0:96:6c","HOTBOX-9666","1.0","-82.0","","08:02:8e:8c:24:e0","Sokol","11.0","-88.0","","84:16:f9:c2:fa:6e","dan38","4.0","-87.0","","84:16:f9:e5:fa:66","Ron","9.0","-93.0","","e8:fc:af:99:22:43","Dan38","1.0","-93.0","","b4:ee:b4:a7:37:d5","HOT","11.0","-93.0","","9c:3d:cf:1a:ad:f5","kenley","1.0","-82.0"
"Fri Oct 27 16:27:01 IDT 2017","model=Lenovo PB2-690Y","device=PB2PRO","32.172573","34.81189","25.0","8","","14:cc:20:76:cc:fe","Angel","7.0","-85.0","","14:cc:20:76:cd:12","Angel","1.0","-89.0","","40:65:a3:29:99:51","HOTFiber-A5D","1.0","-87.0","","a0:ab:1b:5d:c2:60","urigil1","10.0","-96.0","","b4:ee:b4:a9:15:f7","Azoulay","1.0","-89.0","","88:dc:96:3b:f5:e0","kenley-up","11.0","-89.0","","a0:ab:1b:57:cd:42","Helen.","6.0","-93.0","","e0:ce:c3:8b:d9:44","goral","6.0","-93.0"
"Fri Oct 27 16:27:04 IDT 2017","model=Lenovo PB2-690Y","device=PB2PRO","32.172543","34.81202","23.0","2","","c4:12:f5:85:27:c2","varda","1.0","-94.0","","80:1f:02:a3:7d:62","Gil Kitchen","6.0","-93.0"
"Fri Oct 27 16:27:10 IDT 2017","model=Lenovo PB2-690Y","device=PB2PRO","32.172512","34.812134","21.0","3","","50:c7:bf:36:df:98","Gil-Up","8.0","-94.0","","e4:6f:13:db:6a:4d","dlink-6A4D","11.0","-93.0","","fc:15:b4:aa:9e:57","HP-Print-57-Officejet Pro 8610","8.0","-93.0"
"Fri Oct 27 16:27:18 IDT 2017","model=Lenovo PB2-690Y","device=PB2PRO","32.17236","34.812157","19.0","5","","a0:ab:1b:57:cd:42","Helen.","6.0","-88.0","","c4:12:f5:85:27:c2","varda","1.0","-83.0","","00:1d:aa:fb:1f:b0","ZEISS_YEHUDA","6.0","-81.0","","7c:b7:33:97:35:f1","U2I8L1M0X42","1.0","-86.0","","14:ae:db:3d:b1:52","EL","9.0","-94.0"
"Fri Oct 27 16:27:21 IDT 2017","model=Lenovo PB2-690Y","device=PB2PRO","32.17209","34.812046","18.0","4","","c4:04:15:60:6a:b5","ben_ami_2.4","1.0","-90.0","","54:64:d9:66:29:ef","U2I8L1M0X42","11.0","-92.0","","f8:d1:11:ce:e5:e6","TP-LINK-BET","4.0","-89.0","","62:04:15:60:6a:b6","Bezeq Free","1.0","-87.0"
"Fri Oct 27 16:27:24 IDT 2017","model=Lenovo PB2-690Y","device=PB2PRO","32.171753","34.811913","18.0","5","","c4:04:15:60:6a:b5","ben_ami_2.4","1.0","-81.0","","54:b8:0a:34:78:98","Shani - Green","52.0","-86.0","","54:b8:0a:34:78:90","Shani - Green","5.0","-87.0","","70:5a:0f:f6:54:ad","DIRECT-AC-HP OfficeJet Pro 8720","5.0","-90.0","","54:b8:0a:34:78:d0","Shani - Green","6.0","-94.0"
"Fri Oct 27 16:27:27 IDT 2017","model=Lenovo PB2-690Y","device=PB2PRO","32.171375","34.811737","14.0","10","","a0:ab:1b:5d:c2:60","urigil1","10.0","-95.0","","b4:ee:b4:a9:15:f7","Azoulay","1.0","-93.0","","88:dc:96:3b:f5:e0","kenley-up","11.0","-93.0","","80:1f:02:a3:7d:62","Gil Kitchen","6.0","-94.0","","50:c7:bf:36:df:98","Gil-Up","8.0","-94.0","","e4:6f:13:db:6a:4d","dlink-6A4D","11.0","-93.0","","fc:15:b4:aa:9e:57","HP-Print-57-Officejet Pro 8610","8.0","-93.0","","3c:1e:04:07:2a:fe","ronkla2","6.0","-84.0","","6c:2e:85:fe:da:b8","HOTBOX-1966","6.0","-88.0","","c4:12:f5:fb:c0:3e","mika1","1.0","-90.0"
"Fri Oct 27 16:27:30 IDT 2017","model=Lenovo PB2-690Y","device=PB2PRO","32.171047","34.81157","17.0","9","","a0:ab:1b:57:cd:42","Helen.","6.0","-88.0","","c4:12:f5:85:27:c2","varda","1.0","-93.0","","00:1d:aa:fb:1f:b0","ZEISS_YEHUDA","6.0","-89.0","","7c:b7:33:97:35:f1","U2I8L1M0X42","1.0","-82.0","","14:ae:db:3d:b1:52","EL","9.0","-94.0","","54:64:d9:66:29:ef","U2I8L1M0X42","11.0","-92.0","","f8:d1:11:ce:e5:e6","TP-LINK-BET","4.0","-89.0","","62:04:15:60:6a:b6","Bezeq Free","1.0","-83.0","","92:cd:b6:2b:e9:75","HP-Setup>75-M277 LaserJet","1.0","-96.0"
"Fri Oct 27 16:27:33 IDT 2017","model=Lenovo PB2-690Y","device=PB2PRO","32.170746","34.81143","19.0","5","","c4:04:15:60:6a:b5","ben_ami_2.4","1.0","-89.0","","54:b8:0a:34:78:98","Shani - Green","52.0","-86.0","","54:b8:0a:34:78:90","Shani - Green","5.0","-87.0","","54:b8:0a:34:78:d0","Shani - Green","6.0","-94.0","","00:13:d4:0f:f3:ba","home","1.0","-97.0"
"Fri Oct 27 16:27:36 IDT 2017","model=Lenovo PB2-690Y","device=PB2PRO","32.170467","34.811264","20.0","5","","58:b6:33:34:81:a8","RDK","1.0","-84.0","","14:ae:db:b7:99:2d","Guymic","6.0","-84.0","","7c:b7:33:a1:7e:98","HOTFiber-A53E","11.0","-87.0","","e4:d3:f1:9a:81:60","rdk","8.0","-90.0","","14:cc:20:eb:e7:53","stephane","1.0","-91.0"
"Fri Oct 27 16:27:39 IDT 2017","model=Lenovo PB2-690Y","device=PB2PRO","32.170177","34.811096","21.0","5","","3c:1e:04:07:2a:fe","ronkla2","6.0","-84.0","","6c:2e:85:fe:da:b8","HOTBOX-1966","6.0","-93.0","","c4:12:f5:fb:c0:3e","mika1","1.0","-90.0","","d8:5d:4c:d9:c4:68","shlomi","1.0","-90.0","","00:24:2b:cf:13:21","stephane","1.0","-92.0"
"Fri Oct 27 16:27:42 IDT 2017","model=Lenovo PB2-690Y","device=PB2PRO","32.16989","34.81097","22.0","9","","92:cd:b6:2b:e9:75","HP-Setup>75-M277 LaserJet","1.0","-92.0","","20:0c:c8:1d:c8:2b","Neeman2.4","1.0","-74.0","","c8:d3:ff:f9:48:a5","DIRECT-A4-HP OfficeJet 6950","1.0","-83.0","","00:1d:aa:fb:1f:b0","ZEISS_YEHUDA","6.0","-85.0","","74:da:38:97:66:9d","oved-main_2EX","6.0","-87.0","","74:da:38:54:b8:1c","oved-main_2EX","6.0","-90.0","","c0:ac:54:f7:27:42","HOTBOX-2E6E","11.0","-90.0","","30:d3:2d:37:20:f4","devolo-0f4","11.0","-93.0","","6a:0c:c8:1d:c8:28","Bezeq Free F026CC","1.0","-79.0"
"Fri Oct 27 16:27:45 IDT 2017","model=Lenovo PB2-690Y","device=PB2PRO","32.16957","34.810818","18.0","4","","00:13:d4:0f:f3:ba","home","1.0","-97.0","","74:da:38:a9:1c:df","  InnovationEndeavors","4.0","-89.0","","c4:12:f5:f9:5c:7c","Lili","11.0","-93.0","","c0:a0:bb:cb:59:5b","BezeqNGN_001489_2.4GHz_1","11.0","-92.0"
"Fri Oct 27 16:27:48 IDT 2017","model=Lenovo PB2-690Y","device=PB2PRO","32.169254","34.81069","19.0","10","","58:b6:33:34:81:a8","RDK","1.0","-84.0","","14:ae:db:b7:99:2d","Guymic","6.0","-84.0","","7c:b7:33:a1:7e:98","HOTFiber-A53E","11.0","-87.0","","e4:d3:f1:9a:81:60","rdk","8.0","-90.0","","14:cc:20:eb:e7:53","stephane","1.0","-92.0","","74:da:38:a9:24:17","edimax_2.4G_A92417","2.0","-78.0","","ac:f1:df:76:a0:9c","dlink-A09C","11.0","-87.0","","74:da:38:c3:12:45","Liliup","3.0","-87.0","","74:da:39:54:b8:1d","oved-main","6.0","-88.0","","d0:d4:12:65:19:a2","netbox","1.0","-90.0"
"Fri Oct 27 16:27:51 IDT 2017","model=Lenovo PB2-690Y","device=PB2PRO","32.168934","34.810562","20.0","8","","d8:5d:4c:d9:c4:68","shlomi","1.0","-90.0","","00:24:2b:cf:13:21","stephane","1.0","-92.0","","d0:0e:d9:26:e8:c5","SandyAndDanny","8.0","-86.0","","7c:b7:33:2b:c4:52","spielman","11.0","-89.0","","f4:f2:6d:34:56:54","spielman","11.0","-93.0","","c8:d7:19:da:03:16","forestisthebest","1.0","-93.0","","44:03:a7:e6:11:63","Home","6.0","-95.0","","00:0f:cb:b5:2e:78","3Com","11.0","-87.0"
"Fri Oct 27 16:27:54 IDT 2017","model=Lenovo PB2-690Y","device=PB2PRO","32.168602","34.810467","17.0","10","","20:0c:c8:1d:c8:2b","Neeman2.4","1.0","-74.0","","00:1d:aa:fb:1f:b0","ZEISS_YEHUDA","6.0","-85.0","","74:da:38:97:66:9d","oved-main_2EX","6.0","-87.0","","74:da:38:54:b8:1c","oved-main_2EX","6.0","-90.0","","c0:ac:54:f7:27:42","HOTBOX-2E6E","11.0","-90.0","","30:d3:2d:37:20:f4","devolo-0f4","11.0","-93.0","","6a:0c:c8:1d:c8:28","Bezeq Free F026CC","1.0","-79.0","","00:f6:63:15:58:81","KaymeraDev","1.0","-93.0","","00:f6:63:15:58:80","kaymeraQA","1.0","-93.0","","00:f6:63:15:58:82","KaymeraGuest","1.0","-95.0"
"Fri Oct 27 16:27:57 IDT 2017","model=Lenovo PB2-690Y","device=PB2PRO","32.16829","34.810356","18.0","6","","74:da:38:a9:1c:df","  InnovationEndeavors","4.0","-89.0","","c4:12:f5:f9:5c:7c","Lili","11.0","-89.0","","c0:a0:bb:cb:59:5b","BezeqNGN_001489_2.4GHz_1","11.0","-92.0","","18:d6:c7:fb:1c:0e","Oberyn Martell","8.0","-77.0","","a0:8c:fd:54:7b:54","DIRECT-A3-HP OfficeJet Pro 8710","11.0","-94.0","","c0:ff:d4:7b:82:30","Candan","1.0","-96.0"
"Fri Oct 27 16:28:00 IDT 2017","model=Lenovo PB2-690Y","device=PB2PRO","32.168","34.810223","17.0","8","","74:da:38:a9:24:17","edimax_2.4G_A92417","2.0","-78.0","","ac:f1:df:76:a0:9c","dlink-A09C","11.0","-87.0","","74:da:38:c3:12:45","Liliup","3.0","-87.0","","74:da:39:54:b8:1d","oved-main","6.0","-88.0","","d0:d4:12:65:19:a2","netbox","1.0","-90.0","","90:ef:68:30:6b:69","kessel_2","5.0","-75.0","","5c:83:8f:33:bd:68","terry_ap","1.0","-86.0","","06:8d:db:6e:71:ed","","1.0","-91.0"
"Fri Oct 27 16:28:03 IDT 2017","model=Lenovo PB2-690Y","device=PB2PRO","32.167763","34.810078","19.0","11","","d0:0e:d9:26:e8:c5","SandyAndDanny","8.0","-91.0","","7c:b7:33:2b:c4:52","spielman","11.0","-89.0","","f4:f2:6d:34:56:54","spielman","11.0","-93.0","","c8:d7:19:da:03:16","forestisthebest","1.0","-93.0","","44:03:a7:e6:11:63","Home","6.0","-95.0","","00:0f:cb:b5:2e:78","3Com","11.0","-92.0","","e4:8d:8c:7f:3d:0d","Erez Man","1.0","-93.0","","0a:8d:db:6e:71:13","888Corp","1.0","-86.0","","78:9f:70:7b:90:14","yaront-mac","6.0","-93.0","","06:8d:db:6e:71:13","888Free","1.0","-85.0","","02:8d:db:6e:71:13","888Guest","1.0","-85.0"
"Fri Oct 27 16:28:06 IDT 2017","model=Lenovo PB2-690Y","device=PB2PRO","32.167614","34.809925","19.0","8","","7c:b7:33:2e:76:73","Mouly","11.0","-82.0","","00:30:4f:82:a4:48","ensilo_2.4GH_1","11.0","-83.0","","94:f6:65:5b:b2:28","Efrat Networks MM","5.0","-84.0","","50:a7:33:47:4f:a3","island-074FA0","6.0","-86.0","","94:f6:65:1b:b2:28","Guest Neetwork MM","5.0","-90.0","","06:8d:db:6e:71:be","888Free","11.0","-87.0","","02:8d:db:6e:71:6d","888Guest","1.0","-88.0","","30:f7:72:6e:8e:a0","HP-Print-A0-LaserJet Pro MFP","6.0","-91.0"
"Fri Oct 27 16:28:09 IDT 2017","model=Lenovo PB2-690Y","device=PB2PRO","32.167587","34.809868","19.0","4","","00:f6:63:15:58:81","KaymeraDev","1.0","-93.0","","00:f6:63:15:58:80","kaymeraQA","1.0","-94.0","","00:f6:63:15:58:82","KaymeraGuest","1.0","-95.0","","06:8d:db:6e:71:6d","888Free","1.0","-90.0"
"Fri Oct 27 16:28:12 IDT 2017","model=Lenovo PB2-690Y","device=PB2PRO","32.1676","34.809856","21.0","2","","c0:ff:d4:7b:82:30","Candan","1.0","-88.0","","02:8d:db:6e:71:be","888Guest","11.0","-84.0"
"Fri Oct 27 16:28:18 IDT 2017","model=Lenovo PB2-690Y","device=PB2PRO","32.16762","34.809834","20.0","1","","50:a7:33:47:4f:a3","island-074FA0","6.0","-80.0"
"Fri Oct 27 16:28:30 IDT 2017","model=Lenovo PB2-690Y","device=PB2PRO","32.167614","34.809845","24.0","1","","cc:b2:55:e8:4c:e6","INGENEO","6.0","-87.0"
"Fri Oct 27 16:28:36 IDT 2017","model=Lenovo PB2-690Y","device=PB2PRO","32.16763","34.80986","25.0","1","","0a:8d:db:6e:71:6d","888Corp","1.0","-87.0"
"Fri Oct 27 16:28:44 IDT 2017","model=Lenovo PB2-690Y","device=PB2PRO","32.16764","34.809834","34.0","1","","02:8d:db:6e:71:6d","888Guest","1.0","-82.0"
